Date,Open,High,Low,Close,Volume
2001-05-06,1253.05,1272.93,1232,1266.61,3339055557
2001-05-13,1266.61,1270,1240.79,1245.67,2805888889
2001-05-20,1245.67,1296.48,1241.02,1291.96,3234277777
2001-05-27,1291.96,1315.93,1276.42,1277.89,3054944444
2001-06-03,1277.89,1278.42,1245.96,1260.67,2459000000
2001-06-10,1260.67,1286.62,1256.36,1264.96,2683888887
2001-06-17,1264.96,1264.96,1203.03,1214.36,3304805556
2001-06-24,1214.36,1240.24,1207.71,1225.35,3545900001
2001-07-01,1225.35,1237.29,1204.64,1224.38,3650422223
2001-07-08,1224.42,1239.78,1188.74,1190.59,2078894445
2001-07-15,1190.59,1218.54,1168.46,1215.68,3449611110
2001-07-22,1215.68,1225.04,1196.14,1210.85,3393666667
2001-07-29,1210.85,1215.22,1165.54,1205.82,3164166667
2001-08-05,1205.82,1226.27,1200.41,1214.35,3076000000
2001-08-12,1214.35,1214.35,1169.55,1190.16,2785222221
2001-08-19,1190.16,1198.79,1156.07,1161.97,2720833333
2001-08-26,1161.97,1185.15,1153.34,1184.93,2821833334
2001-09-02,1184.93,1186.85,1124.87,1133.58,2705833334
2001-09-09,1133.58,1155.4,1082.12,1085.78,2970444445
2001-09-16,1085.78,1096.94,1073.15,1092.54,709222222
2001-09-23,1092.54,1092.54,944.75,965.8,5791050000
2001-09-30,965.8,1040.94,965.8,1040.94,4432222222
2001-10-07,1040.94,1084.12,1026.76,1071.38,3903777778
2001-10-14,1071.37,1099.16,1052.76,1091.65,3641766667
2001-10-21,1091.65,1107.12,1057.24,1073.48,3469555556
2001-10-28,1073.48,1110.61,1065.64,1104.61,3537833333
2001-11-04,1104.61,1104.61,1053.61,1087.2,3441833334
2001-11-11,1087.2,1135.75,1087.2,1120.31,3692388890
2001-11-18,1120.31,1148.28,1098.32,1138.65,3665000001
2001-11-25,1138.65,1152.45,1129.78,1150.34,2270333333
2001-12-02,1150.34,1163.38,1125.51,1139.45,3644888889
2001-12-09,1139.45,1173.62,1125.78,1158.31,3901555555
2001-12-16,1158.31,1158.31,1114.53,1123.09,3807722223
2001-12-23,1123.09,1152.44,1122.66,1144.89,4046555555
2001-12-30,1144.89,1164.64,1144.62,1161.02,1680261111
2002-01-06,1161.02,1176.55,1136.23,1172.51,2792500001
2002-01-13,1172.51,1176.97,1145.45,1145.6,3627777778
2002-01-20,1145.6,1148.81,1124.45,1127.58,3816222222
2002-01-27,1127.58,1139.5,1117.43,1133.28,3160388890
2002-02-03,1133.28,1138.63,1081.66,1122.2,4412555556
2002-02-10,1122.2,1122.2,1077.78,1096.22,4275111111
2002-02-17,1096.22,1124.72,1094.68,1104.18,3389555555
2002-02-24,1104.18,1104.18,1074.36,1089.84,3011888890
2002-03-03,1089.84,1131.79,1089.84,1131.78,3843944444
2002-03-10,1131.78,1172.76,1130.93,1164.31,4230166666
2002-03-17,1164.31,1173.03,1151.01,1166.16,3650722222
2002-03-24,1166.16,1173.94,1139.48,1148.7,3506611110
2002-03-31,1148.7,1154.45,1131.61,1147.39,2560666667
2002-04-07,1147.39,1147.84,1119.49,1122.73,3245166666
2002-04-14,1122.73,1131.76,1102.42,1111.01,3647944444
2002-04-21,1111.01,1133,1099.41,1125.17,3546055555
2002-04-28,1125.17,1125.17,1076.31,1076.32,3797277778
2002-05-05,1076.32,1091.42,1063.46,1073.43,3912888889
2002-05-12,1073.43,1088.92,1048.96,1054.99,3502333334
2002-05-19,1054.99,1106.59,1053.9,1106.59,3585722222
2002-05-26,1106.59,1106.59,1075.64,1083.82,3002722222
2002-06-02,1083.82,1085.98,1054.26,1067.14,2579000000
2002-06-09,1067.14,1070.74,1012.49,1027.53,3907666667
2002-06-16,1027.53,1039.04,981.63,1007.27,3993788889
2002-06-23,1007.27,1040.83,985.65,989.14,3695944445
2002-06-30,989.14,1005.88,952.92,989.82,5058994444
2002-07-07,989.82,994.46,934.87,989.03,3042055556
2002-07-14,989.03,993.56,900.94,921.39,4465600000
2002-07-21,921.39,926.52,842.07,847.75,6319666666
2002-07-28,847.76,854.13,775.68,852.84,6491911111
2002-08-04,852.84,911.64,852.84,864.24,4924666666
2002-08-11,864.24,913.95,833.44,908.64,4095333333
2002-08-18,908.64,935.38,876.2,928.77,3687999999
2002-08-25,928.77,965,927.21,940.86,3558833333
2002-09-01,940.86,955.82,903.33,916.07,3151222222
2002-09-08,916.07,916.07,870.5,893.92,2915388890
2002-09-15,893.92,924.02,877.05,889.81,3125666666
2002-09-22,889.81,902.68,839.09,845.39,4037666667
2002-09-29,845.39,856.6,817.38,827.37,4366744445
2002-10-06,827.37,851.93,794.1,800.58,4823388889
2002-10-13,800.58,843.27,768.63,835.32,5191288889
2002-10-20,835.32,886.68,828.37,884.39,4413772223
2002-10-27,884.39,902.94,873.06,897.65,4239483334
2002-11-03,897.65,907.44,867.91,900.96,4125722222
2002-11-10,900.96,925.66,891.62,894.74,4215222222
2002-11-17,894.74,910.21,872.05,909.83,3818111111
2002-11-24,909.83,937.28,893.09,930.55,4544000000
2002-12-01,930.55,941.82,912.1,936.31,2839644445
2002-12-08,936.31,954.28,895.96,912.23,3989222223
2002-12-15,912.23,912.23,888.48,889.48,3599222222
2002-12-22,889.48,911.22,880.32,895.76,3965683332
2002-12-29,895.74,903.89,873.62,875.4,1694394444
2003-01-05,875.4,911.25,869.45,908.59,2503500000
2003-01-12,908.59,932.89,908.32,927.57,4163555554
2003-01-19,927.57,935.05,899.02,901.78,3944777778
2003-01-26,901.78,906,859.71,861.4,3452972222
2003-02-02,861.4,868.72,840.34,855.7,4210683333
2003-02-09,855.7,864.64,826.7,829.69,3815888888
2003-02-16,829.69,843.02,806.29,834.89,3722000000
2003-02-23,834.89,852.87,831.48,848.17,2732611112
2003-03-02,848.17,848.17,818.54,841.15,3749111111
2003-03-09,841.15,852.34,811.23,828.89,3592166667
2003-03-16,828.89,841.39,788.9,833.27,4256055556
2003-03-23,833.27,895.9,827.17,895.79,4473183334
2003-03-30,895.79,895.79,858.09,863.5,3558888889
2003-04-06,863.5,885.89,843.68,878.85,3959777778
2003-04-13,878.85,904.89,862.76,868.3,3577777777
2003-04-20,868.3,896.77,868.3,893.58,3116333333
2003-04-27,893.58,919.74,886.7,898.81,4111666666
2003-05-04,898.81,930.56,898.81,930.08,4188283334
2003-05-11,930.08,939.61,919.72,933.41,4074166666
2003-05-18,933.41,948.65,929.3,944.3,4007166667
2003-05-25,944.3,944.3,912.05,933.22,3882388889
2003-06-01,933.22,965.38,927.33,963.59,3592000000
2003-06-08,963.59,1007.69,963.59,987.76,4589833334
2003-06-15,987.76,1002.74,972.59,988.61,3848388888
2003-06-22,988.61,1015.33,988.61,995.69,4190333334
2003-06-29,995.69,995.69,973.8,976.22,3833777778
2003-07-06,976.22,995,962.1,985.7,2968111112
2003-07-13,985.7,1010.43,983.63,998.14,4050666666
2003-07-20,998.14,1015.41,978.6,993.32,4253388888
2003-07-27,993.32,998.89,975.63,998.68,3896166667
2003-08-03,998.68,1004.59,978.86,980.15,4015555556
2003-08-10,980.15,985.75,960.84,977.59,3687388888
2003-08-17,977.59,992.5,974.21,990.67,2881372223
2003-08-24,990.67,1011.01,990.67,993.06,3530555556
2003-08-31,993.06,1008.85,983.57,1008.01,2951166666
2003-09-07,1008.01,1029.34,1005.73,1021.39,3369555555
2003-09-14,1021.39,1032.41,1007.71,1018.63,3816000000
2003-09-21,1018.63,1040.29,1013.59,1036.3,3838950001
2003-09-28,1036.3,1036.3,996.08,996.85,3966111111
2003-10-05,996.85,1039.31,990.36,1029.85,4090611112
2003-10-12,1029.85,1048.28,1026.27,1038.06,3474777778
2003-10-19,1038.06,1053.79,1036.57,1039.32,3668444445
2003-10-26,1039.32,1048.57,1018.32,1028.91,4079111111
2003-11-02,1028.91,1053.09,1028.91,1050.71,4273444444
2003-11-09,1050.71,1062.39,1044.88,1053.21,3940000001
2003-11-16,1053.21,1063.65,1043.46,1050.35,3608055555
2003-11-23,1050.35,1050.35,1031.2,1035.28,3697388890
2003-11-30,1035.28,1060.63,1035.28,1058.2,2345233333
2003-12-07,1058.2,1074.3,1058.2,1061.5,3849388888
2003-12-14,1061.5,1074.76,1053.41,1074.14,3773666667
2003-12-21,1074.14,1091.06,1068,1088.66,4304222221
2003-12-28,1088.66,1098.47,1086.14,1095.89,1817294445
2004-01-04,1095.89,1118.85,1095.89,1108.48,2362277778
2004-01-11,1108.48,1131.92,1108.48,1121.86,4648166667
2004-01-18,1121.86,1139.83,1115.19,1139.83,4464888889
2004-01-25,1139.83,1150.51,1134.62,1141.55,3728166665
2004-02-01,1141.55,1155.38,1122.38,1131.13,4751444444
2004-02-08,1131.13,1142.79,1124.44,1142.76,4308388888
2004-02-15,1142.76,1158.89,1138.7,1145.81,4000111111
2004-02-22,1145.81,1158.98,1139,1144.11,3234055555
2004-02-29,1144.11,1151.68,1134.43,1144.94,4005000000
2004-03-07,1144.94,1163.23,1143.78,1156.86,3873111111
2004-03-14,1156.86,1159.94,1105.87,1120.57,4267000000
2004-03-21,1120.57,1125.76,1102.61,1109.78,4121111111
2004-03-28,1109.78,1115.27,1087.16,1108.06,4016166666
2004-04-04,1108.06,1144.81,1108.06,1141.81,4160277778
2004-04-11,1141.81,1150.57,1134.52,1139.32,3038888889
2004-04-18,1139.32,1147.78,1120.75,1134.61,3961000000
2004-04-25,1134.56,1142.77,1116.03,1140.6,4257944444
2004-05-02,1140.6,1146.56,1107.23,1107.3,4532166667
2004-05-09,1107.3,1127.74,1098.63,1098.7,4369777778
2004-05-16,1098.7,1102.77,1076.32,1095.7,4387111111
2004-05-23,1095.7,1105.93,1079.36,1093.56,3778500000
2004-05-30,1093.56,1123.95,1090.74,1120.68,3757055555
2004-06-06,1120.68,1129.17,1113.32,1122.5,2687444445
2004-06-13,1122.5,1142.18,1122.5,1136.47,2688611111
2004-06-20,1136.47,1138.96,1122.16,1135.02,3606111111
2004-06-27,1135.02,1146.34,1124.37,1134.43,3976777777
2004-07-04,1134.43,1144.2,1123.06,1125.38,3768944445
2004-07-11,1125.38,1125.38,1108.72,1112.81,2888500000
2004-07-18,1112.81,1119.6,1101.07,1101.39,3686277777
2004-07-25,1101.39,1116.27,1083.56,1086.2,4146388890
2004-08-01,1086.2,1103.73,1078.78,1101.72,4114888889
2004-08-08,1101.72,1108.6,1062.23,1063.97,3834388889
2004-08-15,1063.97,1079.04,1060.72,1064.8,3512333333
2004-08-22,1064.8,1100.26,1064.8,1098.35,3447666666
2004-08-29,1098.35,1109.68,1092.82,1107.77,2875333333
2004-09-05,1107.77,1120.8,1094.72,1113.63,2869983333
2004-09-12,1113.63,1125.26,1113.62,1123.92,2829555556
2004-09-19,1123.92,1130.14,1119.82,1128.55,3498222222
2004-09-26,1128.55,1131.54,1108.05,1110.11,3580111110
2004-10-03,1110.11,1131.64,1101.29,1131.5,4107333333
2004-10-10,1131.5,1142.05,1120.19,1122.14,3949000001
2004-10-17,1122.14,1127.01,1102.06,1108.2,3858166666
2004-10-24,1108.2,1117.96,1094.25,1095.74,4410611110
2004-10-31,1095.74,1131.4,1090.29,1130.2,4409333333
2004-11-07,1130.2,1170.87,1127.6,1166.17,4627500000
2004-11-14,1166.17,1184.17,1162.32,1184.17,4021333333
2004-11-21,1184.17,1188.46,1169.19,1170.34,4158444445
2004-11-28,1170.34,1186.62,1167.89,1182.65,2486211111
2004-12-05,1182.65,1197.46,1172.37,1191.17,4470222223
2004-12-12,1191.17,1192.41,1173.79,1188,4156611111
2004-12-19,1188,1207.97,1188,1194.2,4891777777
2004-12-26,1194.2,1213.66,1193.36,1210.13,2918555556
2005-01-02,1210.13,1217.33,1204.92,1211.92,2470888889
2005-01-09,1211.92,1217.8,1182.16,1186.19,4454277778
2005-01-16,1186.19,1194.78,1175.64,1184.52,4103888889
2005-01-23,1184.52,1195.98,1167.82,1167.87,3572777778
2005-01-30,1167.87,1177.5,1163.75,1171.36,4435166666
2005-02-06,1171.36,1203.47,1171.36,1203.03,4514522221
2005-02-13,1203.03,1208.38,1191.54,1205.3,4071361111
2005-02-20,1205.3,1212.44,1197.35,1201.59,4132600000
2005-02-27,1201.59,1212.15,1184.16,1211.37,3493588889
2005-03-06,1211.37,1224.76,1198.13,1222.12,4625077777
2005-03-13,1222.12,1229.11,1198.15,1200.08,4317072223
2005-03-20,1200.08,1210.54,1182.78,1189.65,4739138889
2005-03-27,1189.65,1189.65,1168.7,1171.42,4390277778
2005-04-03,1171.42,1189.8,1163.69,1172.92,5805277778
2005-04-10,1172.79,1191.88,1167.72,1181.2,5172177778
2005-04-17,1181.2,1190.17,1141.92,1142.62,5888822222
2005-04-24,1142.62,1159.95,1136.15,1152.12,6052699999
2005-05-01,1152.12,1164.8,1139.19,1156.85,5806066666
2005-05-08,1156.85,1178.62,1154.71,1171.35,5643244444
2005-05-15,1171.35,1178.87,1146.18,1154.05,5425294444
2005-05-22,1154.05,1191.22,1153.64,1189.28,5232250001
2005-05-29,1189.28,1199.56,1185.96,1198.78,4522161111
2005-06-05,1198.78,1205.64,1191.03,1196.02,3940050000
2005-06-12,1196.02,1208.85,1191.09,1198.11,4779044444
2005-06-19,1198.11,1219.55,1194.51,1216.96,5212972223
2005-06-26,1216.96,1219.59,1191.45,1191.57,5392888889
2005-07-03,1191.57,1204.07,1188.3,1194.44,4990900000
2005-07-10,1194.44,1212.73,1183.55,1211.86,4190300000
2005-07-17,1211.86,1233.16,1211.86,1227.92,5197733333
2005-07-24,1227.92,1236.56,1221.13,1233.68,5324194443
2005-07-31,1233.68,1245.15,1228.15,1234.18,5216022221
2005-08-07,1234.18,1245.86,1225.62,1226.42,5373038890
2005-08-14,1226.42,1242.69,1222.67,1230.39,5291577777
2005-08-21,1230.4,1236.24,1215.93,1219.71,4783000000
2005-08-28,1219.71,1228.96,1204.23,1205.1,4634972223
2005-09-04,1205.1,1227.29,1201.07,1218.02,5417472222
2005-09-11,1218.02,1243.13,1218.02,1241.48,4415405555
2005-09-18,1241.48,1242.6,1224.85,1237.91,6243872222
2005-09-25,1237.91,1237.91,1205.35,1215.29,6300933333
2005-10-02,1215.29,1229.57,1211.11,1228.81,5766172223
2005-10-09,1228.81,1233.34,1181.92,1195.9,6613222223
2005-10-16,1195.9,1196.52,1168.2,1186.57,6403555554
2005-10-23,1186.57,1197.3,1170.55,1179.59,6690744444
2005-10-30,1179.59,1204.01,1178.89,1198.41,6529322222
2005-11-06,1198.41,1224.7,1198.41,1220.14,6911416666
2005-11-13,1220.14,1235.7,1215.05,1234.72,5732605556
2005-11-20,1234.72,1249.58,1226.41,1248.27,6184477778
2005-11-27,1248.27,1270.64,1246.9,1268.25,3955061111
2005-12-04,1268.25,1268.44,1249.39,1265.08,6333522222
2005-12-11,1265.08,1272.89,1250.91,1259.37,5891666666
2005-12-18,1259.37,1275.8,1255.52,1267.32,6209372223
2005-12-25,1267.32,1270.51,1257.21,1268.66,5247211112
2006-01-01,1268.66,1271.83,1246.59,1248.29,3216038889
2006-01-08,1248.29,1286.09,1245.74,1285.45,5527666668
2006-01-15,1285.45,1294.9,1282.78,1287.61,6447533334
2006-01-22,1287.61,1287.79,1260.92,1261.49,5390555556
2006-01-29,1261.49,1286.38,1259.42,1283.72,7201250000
2006-02-05,1283.72,1287.94,1261.02,1264.03,6904422222
2006-02-12,1264.03,1274.56,1253.61,1266.99,6493088888
2006-02-19,1266.99,1289.47,1258.34,1287.24,6102977778
2006-02-26,1287.24,1294.17,1281.33,1289.43,4668844445
2006-03-05,1289.43,1297.57,1278.66,1287.23,6278911110
2006-03-12,1287.23,1288.23,1268.42,1281.42,6252594444
2006-03-19,1281.58,1310.45,1281.58,1307.25,6316888889
2006-03-26,1307.25,1310.88,1295.81,1302.95,5817233333
2006-04-02,1302.95,1310.15,1291.84,1294.87,6029494446
2006-04-09,1302.88,1314.07,1294.18,1295.5,6347727778
2006-04-16,1295.51,1300.74,1282.96,1289.12,4422911111
2006-04-23,1289.12,1318.16,1280.74,1311.28,6523861112
2006-04-30,1311.28,1316.04,1295.57,1310.61,6765738889
2006-05-07,1310.61,1326.53,1303.46,1325.76,6645527778
2006-05-14,1325.76,1326.7,1290.38,1291.24,6487016667
2006-05-21,1291.19,1297.88,1256.28,1267.03,7356588888
2006-05-28,1267.03,1280.54,1245.34,1280.16,6980022222
2006-06-04,1280.04,1290.68,1259.38,1288.22,5291138888
2006-06-11,1288.16,1288.16,1235.18,1252.3,7451711110
2006-06-18,1252.27,1258.64,1219.29,1251.54,7605355556
2006-06-25,1251.54,1257.96,1237.17,1244.5,6264905555
2006-07-02,1244.5,1276.3,1237.59,1270.2,6576672223
2006-07-09,1270.06,1280.38,1263.13,1265.48,4042694445
2006-07-16,1265.46,1274.06,1228.45,1236.2,6349316667
2006-07-23,1236.2,1262.56,1224.54,1240.29,6877672222
2006-07-30,1240.25,1280.42,1240.25,1278.55,7111938889
2006-08-06,1278.53,1292.92,1265.71,1279.36,7143972222
2006-08-13,1279.31,1283.74,1261.3,1266.74,6369672222
2006-08-20,1266.67,1302.3,1266.67,1302.3,6388300000
2006-08-27,1302.3,1302.49,1289.82,1295.09,5088638889
2006-09-03,1295.09,1312.03,1293.97,1311.01,5424661112
2006-09-10,1310.94,1314.67,1292.13,1298.92,4946161111
2006-09-17,1298.86,1324.65,1290.93,1319.66,7469155555
2006-09-24,1319.85,1328.53,1310.94,1314.78,6694066667
2006-10-01,1314.78,1340.28,1311.58,1335.85,7113350000
2006-10-08,1335.82,1353.79,1327.1,1349.59,7331827777
2006-10-15,1349.58,1366.63,1343.57,1365.62,6571988889
2006-10-22,1365.61,1372.87,1356.87,1368.6,7017011111
2006-10-29,1368.58,1389.45,1363.94,1377.34,7534811112
2006-11-05,1377.3,1381.95,1360.98,1364.3,7478077777
2006-11-12,1364.27,1388.92,1364.27,1380.9,7381672222
2006-11-19,1380.58,1403.76,1378.8,1401.2,7670433333
2006-11-26,1401.17,1407.89,1397.85,1400.95,4563838889
2006-12-03,1400.95,1406.3,1377.83,1396.71,8305077778
2006-12-10,1396.67,1418.27,1396.67,1409.84,7461616665
2006-12-17,1409.81,1431.63,1404.75,1427.09,7522005556
2006-12-24,1427.08,1431.81,1410.28,1410.76,6468238889
2006-12-31,1410.75,1427.72,1410.45,1418.3,3424694444
2007-01-07,1418.03,1429.42,1405.75,1409.71,5196122222
2007-01-14,1409.26,1431.23,1403.97,1430.73,7839294445
2007-01-21,1430.73,1435.27,1424.21,1430.5,6049838888
2007-01-28,1430.47,1440.69,1416.96,1422.18,7732955556
2007-02-04,1422.03,1449.33,1418.46,1448.39,7720977777
2007-02-11,1448.33,1452.99,1433.44,1438.06,7463861110
2007-02-18,1438,1457.97,1431.44,1455.54,7020827778
2007-02-25,1455.53,1461.57,1448.36,1451.19,5264200000
2007-03-04,1451.04,1456.95,1380.87,1387.17,9999899999
2007-03-11,1387.11,1410.15,1373.97,1402.84,8676627777
2007-03-18,1402.8,1409.34,1363.98,1386.95,8957477778
2007-03-25,1386.95,1438.89,1386.95,1436.11,8059377778
2007-04-01,1436.11,1437.65,1408.9,1420.86,7881561111
2007-04-08,1420.83,1444.88,1416.37,1443.76,5983994444
2007-04-15,1443.77,1453.11,1433.91,1452.85,7372388890
2007-04-22,1452.84,1484.74,1452.84,1484.35,8336438889
2007-04-29,1484.33,1498.02,1473.74,1494.07,8273316666
2007-05-06,1494.07,1510.34,1476.7,1505.62,8585261111
2007-05-13,1505.57,1513.8,1491.42,1505.85,7793544444
2007-05-20,1505.76,1522.75,1498.34,1522.75,8105661111
2007-05-27,1522.75,1532.43,1505.18,1515.73,8384388890
2007-06-03,1515.55,1540.56,1510.06,1536.34,6563638888
2007-06-10,1536.28,1540.53,1487.41,1507.67,8430277778
2007-06-17,1507.64,1538.71,1492.65,1532.91,8266150000
2007-06-24,1532.9,1537.32,1500.74,1502.56,8936755556
2007-07-01,1502.56,1517.53,1484.18,1503.35,9031138888
2007-07-08,1504.66,1532.4,1504.66,1530.44,5152361111
2007-07-15,1530.43,1555.1,1506.1,1552.5,8518472223
2007-07-22,1552.5,1555.9,1529.2,1534.1,9065388888
2007-07-29,1534.06,1547.23,1458.95,1458.95,11532738889
2007-08-05,1458.93,1488.3,1432.8,1433.06,12528355555
2007-08-12,1433.04,1503.89,1427.39,1453.64,14839738889
2007-08-19,1453.42,1466.29,1370.6,1445.94,12156211112
2007-08-26,1445.94,1479.4,1430.54,1479.37,8482444445
2007-09-02,1479.36,1481.47,1432.01,1473.99,7568283334
2007-09-09,1473.96,1496.4,1449.07,1453.55,6338261111
2007-09-16,1453.5,1489.58,1439.29,1484.25,7919772222
2007-09-23,1484.24,1538.74,1471.82,1525.75,9328466666
2007-09-30,1525.75,1533.74,1507.13,1526.75,8530000000
2007-10-07,1527.29,1561.91,1527.25,1557.59,8365933333
2007-10-14,1556.51,1576.09,1546.72,1561.8,8176333332
2007-10-21,1562.25,1564.74,1500.26,1500.63,9653388889
2007-10-28,1497.79,1535.53,1489.56,1535.28,10322405555
2007-11-04,1536.92,1552.76,1492.53,1509.65,10454183333
2007-11-11,1505.61,1520.77,1448.51,1453.7,12265788889
2007-11-18,1453.66,1492.14,1438.53,1458.74,11375100001
2007-11-25,1456.7,1456.7,1415.64,1440.7,8157638889
2007-12-02,1440.74,1488.94,1406.1,1481.14,11378966667
2007-12-09,1479.63,1510.63,1460.66,1504.66,9487116667
2007-12-16,1505.11,1523.57,1467.78,1467.95,10283488889
2007-12-23,1465.05,1485.4,1435.65,1484.46,10405277777
2007-12-30,1484.55,1498.85,1471.7,1478.49,4480111111
2008-01-06,1475.25,1475.83,1411.19,1411.63,7493905555
2008-01-13,1414.07,1430.28,1378.7,1401.02,13302227777
2008-01-20,1402.91,1417.89,1312.51,1325.19,13906844445
2008-01-27,1312.94,1368.56,1270.05,1330.61,11335511111
2008-02-03,1330.7,1396.02,1322.26,1395.42,12609838888
2008-02-10,1395.38,1395.38,1316.75,1331.29,11209605555
2008-02-17,1331.92,1369.23,1320.32,1349.99,10401255556
2008-02-24,1355.86,1367.94,1327.04,1353.11,8196327778
2008-03-02,1352.75,1388.34,1325.42,1330.63,11240233333
2008-03-09,1330.45,1344.19,1282.43,1293.37,12245183334
2008-03-16,1293.16,1333.26,1272.66,1288.14,13339855556
2008-03-23,1283.21,1341.51,1256.98,1329.51,12512450000
2008-03-30,1330.29,1359.68,1312.95,1315.22,11347055554
2008-04-06,1315.92,1380.91,1312.81,1370.4,11598750000
2008-04-13,1373.69,1386.74,1331.21,1332.83,10176050000
2008-04-20,1332.2,1395.9,1324.35,1390.33,10746044445
2008-04-27,1387.72,1399.11,1369.84,1397.84,10943827778
2008-05-04,1397.96,1422.72,1383.07,1413.9,11296122222
2008-05-11,1415.34,1421.57,1384.11,1388.28,10420122223
2008-05-18,1389.4,1425.82,1386.2,1425.35,10582033333
2008-05-25,1425.28,1440.24,1373.72,1375.93,10849233333
2008-06-01,1375.97,1406.32,1373.07,1400.38,8475650000
2008-06-08,1399.62,1404.05,1359.9,1360.68,11984327778
2008-06-15,1360.83,1370.63,1331.29,1360.03,12574599999
2008-06-22,1358.85,1366.59,1314.46,1317.93,12343911111
2008-06-29,1319.77,1335.63,1272,1278.38,13975888889
2008-07-06,1278.06,1292.17,1252.01,1262.9,10779055556
2008-07-13,1262.9,1277.36,1225.35,1239.49,16146199999
2008-07-20,1241.61,1262.31,1200.44,1260.68,18086455555
2008-07-27,1261.82,1291.17,1248.83,1257.76,15731800000
2008-08-03,1257.76,1284.93,1234.37,1260.31,14088583334
2008-08-10,1253.27,1297.85,1247.45,1296.32,11634000000
2008-08-17,1294.42,1313.15,1274.86,1298.2,12595566667
2008-08-24,1298.14,1300.22,1261.16,1292.2,11287633333
2008-08-31,1290.47,1300.68,1263.21,1282.83,9805655555
2008-09-07,1287.83,1303.04,1217.23,1242.31,11150066666
2008-09-14,1249.5,1274.42,1211.54,1251.7,19121066666
2008-09-21,1250.92,1265.12,1133.5,1255.08,25911705555
2008-09-28,1255.37,1255.37,1179.79,1213.27,14797483333
2008-10-05,1209.07,1209.07,1098.14,1099.23,17237016667
2008-10-12,1097.56,1097.56,839.8,899.22,23342661111
2008-10-19,912.75,1044.31,865.83,940.55,20296650000
2008-10-26,943.51,985.44,852.85,876.77,16769666667
2008-11-02,874.28,984.38,845.27,968.75,17946100001
2008-11-09,968.67,1007.51,899.73,930.99,14713377778
2008-11-16,936.75,951.95,818.69,873.29,16147038889
2008-11-23,873.23,882.29,741.02,800.03,20414000000
2008-11-30,801.2,896.25,801.2,896.24,12981255556
2008-12-07,888.61,888.61,815.69,876.07,16927638889
2008-12-14,882.71,918.57,851.35,879.73,16479038888
2008-12-21,881.07,918.85,857.72,887.88,16266588889
2008-12-28,887.2,887.37,857.09,872.8,6860233332
2009-01-04,872.37,934.73,857.07,931.8,8429133333
2009-01-11,929.17,943.85,888.31,890.35,14010844445
2009-01-18,890.4,890.4,817.04,850.12,16829877778
2009-01-25,849.64,849.64,804.3,831.95,13621694444
2009-02-01,832.5,877.86,821.67,825.88,15561122221
2009-02-08,823.09,870.75,812.87,868.6,17271200001
2009-02-15,868.24,875.01,808.06,826.84,16691172222
2009-02-22,818.61,818.61,754.25,770.05,14225588888
2009-03-01,773.25,780.12,734.52,735.09,20974377779
2009-03-08,729.57,729.57,666.79,683.38,21091233333
2009-03-15,680.76,758.29,672.88,756.55,20720655556
2009-03-22,758.84,803.24,749.93,768.54,22120211110
2009-03-29,772.31,832.98,772.31,815.94,19313388890
2009-04-05,809.07,845.61,779.81,842.5,17463527777
2009-04-12,839.75,856.91,814.53,856.56,13835972222
2009-04-19,855.33,875.63,835.58,869.6,18998061112
2009-04-26,868.27,871.8,826.83,866.23,19675472222
2009-05-03,862.82,888.7,847.12,877.52,16787661112
2009-05-10,879.21,930.17,879.21,929.23,22088955556
2009-05-17,922.99,922.99,878.94,882.88,17604866667
2009-05-24,886.07,924.6,879.61,887,17610355557
2009-05-31,887,920.02,881.46,919.14,12864027777
2009-06-07,923.26,951.69,923.26,940.09,15729083333
2009-06-14,938.12,956.23,926.44,946.21,13517644444
2009-06-21,942.45,942.45,903.78,921.23,14205627778
2009-06-28,918.13,922,888.86,918.9,14221988889
2009-07-05,919.86,931.92,896.42,896.42,9272072222
2009-07-12,894.27,898.72,869.32,879.13,12981616667
2009-07-19,879.57,943.96,875.32,940.38,13292955556
2009-07-26,942.07,979.79,940.99,979.26,13898055555
2009-08-02,978.63,996.68,968.65,987.48,14708144444
2009-08-09,990.22,1018,990.22,1010.48,17855405556
2009-08-16,1008.89,1013.14,992.4,1004.09,14927122222
2009-08-23,998.18,1027.59,978.51,1026.13,12957361111
2009-08-30,1026.59,1039.47,1016.2,1028.93,15957172223
2009-09-06,1025.21,1028.45,991.97,1016.4,14684055555
2009-09-13,1018.67,1048.18,1018.67,1042.73,11417605556
2009-09-20,1040.15,1074.77,1035,1068.3,16797133334
2009-09-27,1067.14,1080.15,1041.17,1044.38,14114727777
2009-10-04,1045.38,1069.62,1019.95,1025.21,14472444444
2009-10-11,1026.87,1071.51,1025.92,1071.49,12407527778
2009-10-18,1071.63,1096.56,1066.71,1087.68,13167694445
2009-10-25,1088.22,1101.36,1074.31,1079.6,14217961110
2009-11-01,1080.36,1091.75,1033.38,1036.19,16893650000
2009-11-08,1036.18,1071.48,1029.38,1069.3,14695072222
2009-11-15,1072.31,1105.37,1072.31,1093.48,11719088889
2009-11-22,1094.13,1113.69,1086.81,1091.38,11451400000
2009-11-29,1094.86,1112.38,1083.74,1091.49,7182222222
2009-12-06,1091.07,1119.13,1086.25,1105.98,12598522222
2009-12-13,1105.52,1110.72,1085.89,1106.41,11530211110
2009-12-20,1107.84,1116.21,1093.88,1102.47,15757983332
2009-12-27,1105.31,1126.48,1105.31,1126.48,6696138888
2010-01-03,1127.53,1130.38,1114.81,1115.1,5312061111
2010-01-10,1116.56,1145.39,1116.56,1144.98,11730750000
2010-01-17,1145.96,1150.41,1131.39,1136.03,12120127778
2010-01-24,1136.03,1150.45,1090.18,1091.76,12565738889
2010-01-31,1092.4,1103.69,1071.59,1073.87,14109816667
2010-02-07,1073.89,1104.73,1044.5,1066.19,14117327778
2010-02-14,1065.51,1080.04,1056.51,1075.51,12231711112
2010-02-21,1079.13,1112.42,1079.13,1109.17,8979388889
2010-02-28,1110,1112.29,1086.02,1104.49,11650094444
2010-03-07,1105.36,1139.38,1105.36,1138.7,11117583333
2010-03-14,1138.4,1153.41,1134.9,1149.99,13348105555
2010-03-21,1148.53,1169.84,1141.45,1159.9,12746666666
2010-03-28,1157.25,1180.69,1152.88,1166.59,13197994445
2010-04-04,1167.71,1181.43,1165.77,1178.1,9417661111
2010-04-11,1178.71,1194.66,1175.12,1194.37,12393205556
2010-04-18,1194.94,1213.92,1186.77,1192.13,16596950000
2010-04-25,1192.06,1217.28,1183.68,1217.28,16111377777
2010-05-02,1217.07,1219.8,1181.62,1186.69,17529044444
2010-05-09,1188.58,1205.13,1065.79,1110.88,21344127777
2010-05-16,1122.27,1173.57,1122.27,1135.68,16088194444
2010-05-23,1136.52,1148.66,1055.9,1087.69,18133477777
2010-05-30,1084.78,1103.52,1040.78,1089.41,15357966666
2010-06-06,1087.3,1105.67,1060.5,1064.88,11930216667
2010-06-13,1065.84,1092.25,1042.17,1091.6,14915316667
2010-06-20,1095,1121.01,1089.03,1117.51,12881133333
2010-06-27,1122.79,1131.23,1067.89,1076.76,13054755557
2010-07-04,1077.5,1082.6,1010.91,1022.58,14169144444
2010-07-11,1028.09,1078.16,1018.35,1077.96,9820827777
2010-07-18,1077.23,1099.46,1063.32,1064.88,12465733332
2010-07-25,1066.85,1103.73,1056.88,1102.66,12723016666
2010-08-01,1102.89,1120.95,1088.01,1101.6,11864777778
2010-08-08,1107.53,1128.75,1107.17,1121.64,11009611110
2010-08-15,1122.8,1129.24,1076.69,1079.25,11289177778
2010-08-22,1077.49,1100.14,1063.91,1071.69,10492794444
2010-08-29,1073.36,1081.58,1039.7,1064.59,10975911111
2010-09-05,1062.9,1105.1,1040.88,1104.51,10329083333
2010-09-12,1102.6,1110.88,1091.15,1109.55,7100527777
2010-09-19,1113.38,1131.47,1113.38,1125.59,11034533332
2010-09-26,1126.57,1148.9,1122.79,1148.67,10790338888
2010-10-03,1148.64,1157.16,1132.09,1146.24,11215027778
2010-10-10,1144.96,1167.73,1131.87,1165.15,10848933334
2010-10-17,1165.32,1184.38,1155.71,1176.19,12358777778
2010-10-24,1176.83,1189.43,1159.71,1183.08,12711894445
2010-10-31,1184.74,1196.14,1171.7,1183.26,11434483334
2010-11-07,1185.71,1227.08,1177.65,1225.85,13329883333
2010-11-14,1223.24,1226.84,1194.08,1199.21,11939616668
2010-11-21,1200.44,1207.43,1173,1199.73,11603988888
2010-11-28,1198.07,1198.94,1176.91,1189.4,7122577778
2010-12-05,1189.08,1225.57,1173.64,1224.71,11784911112
2010-12-12,1223.87,1240.4,1219.5,1240.4,13430783333
2010-12-19,1242.52,1246.73,1232.85,1243.91,12372344444
2010-12-26,1245.76,1259.39,1241.51,1256.77,6015788889
2011-01-02,1254.66,1262.6,1251.48,1257.64,5808772222
2011-01-09,1257.62,1278.17,1257.62,1271.5,13141788889
2011-01-16,1270.84,1293.24,1262.18,1293.24,11825872222
2011-01-23,1293.22,1296.06,1271.26,1283.35,11055188888
2011-01-30,1283.29,1302.67,1275.1,1276.34,12864805555
2011-02-06,1276.5,1311,1276.5,1310.87,12070477778
2011-02-13,1311.85,1330.79,1311.74,1329.15,11172194445
2011-02-20,1328.73,1344.07,1324.61,1343.01,6993950000
2011-02-27,1338.91,1338.91,1294.26,1319.88,4284472223
2011-03-06,1321.61,1332.28,1302.58,1321.15,6679155555
2011-03-13,1322.72,1327.68,1291.99,1304.28,11482827778
2011-03-20,1301.19,1301.19,1249.05,1279.21,13280677779
2011-03-27,1281.65,1319.18,1281.65,1313.8,11161172222
2011-04-03,1315.45,1337.85,1305.26,1332.41,10165183334
2011-04-10,1333.56,1339.46,1322.94,1328.17,11048983333
2011-04-17,1329.01,1333.77,1302.42,1319.68,10945383333
2011-04-24,1313.35,1337.49,1294.7,1337.38,8851977778
2011-05-01,1337.14,1364.56,1331.47,1363.61,9787583333
2011-05-08,1365.21,1370.58,1329.17,1340.2,11313177778
2011-05-15,1340.2,1359.44,1332.03,1337.77,10855061111
2011-05-22,1334.77,1346.82,1318.51,1333.27,10841322224
2011-05-29,1333.07,1334.62,1311.8,1331.1,9775294446
2011-06-05,1331.1,1345.2,1297.9,1300.16,9002516666
2011-06-12,1300.26,1300.26,1268.28,1270.98,10306555556
2011-06-19,1271.31,1292.5,1258.07,1271.5,11370005556
2011-06-26,1271.5,1298.61,1262.87,1268.45,11048900000
2011-07-03,1268.44,1341.01,1267.53,1339.67,10836411112
2011-07-10,1339.59,1356.48,1330.92,1343.8,8305777779
2011-07-17,1343.31,1343.31,1306.51,1316.14,11538016667
2011-07-24,1315.94,1347,1295.92,1345.02,11416911111
2011-07-31,1344.32,1344.32,1282.86,1292.28,11686650000
2011-08-07,1292.59,1307.38,1168.09,1199.38,14634299999
2011-08-14,1198.48,1198.48,1101.54,1178.81,10736283333
2011-08-21,1178.86,1208.47,1122.05,1123.53,12297311113
2011-08-28,1123.55,1190.68,1121.09,1176.8,14749155555
2011-09-04,1177.91,1230.71,1170.56,1173.97,12917016667
2011-09-11,1173.97,1204.4,1140.13,1154.23,10331422221
2011-09-18,1153.5,1220.06,1136.07,1216.01,13647377778
2011-09-25,1214.99,1220.39,1114.22,1136.43,14245233333
2011-10-02,1136.91,1195.86,1131.07,1131.42,13778561111
2011-10-09,1131.21,1171.4,1074.77,1155.46,12541300001
2011-10-16,1158.15,1224.61,1158.15,1224.58,12655344444
2011-10-23,1224.47,1239.03,1191.48,1238.25,13243511111
2011-10-30,1238.72,1292.66,1221.06,1285.09,13645100000
2011-11-06,1284.96,1284.96,1215.42,1253.23,12636705556
2011-11-13,1253.21,1277.55,1226.64,1263.85,10761616666
2011-11-20,1263.85,1264.25,1209.43,1215.65,10737805555
2011-11-27,1215.62,1215.62,1158.66,1158.67,7458288889
2011-12-04,1158.67,1260.08,1158.67,1244.28,12043499999
2011-12-11,1244.33,1267.06,1231.47,1255.19,11206561111
2011-12-18,1255.05,1255.05,1209.47,1219.66,11764761112
2011-12-25,1219.74,1265.42,1202.37,1265.33,9111394445
2012-01-01,1265.02,1269.37,1248.64,1257.6,5016972222
2012-01-08,1258.86,1284.62,1258.86,1277.81,8616150000
2012-01-15,1277.83,1296.82,1274.55,1289.09,10707744444
2012-01-22,1290.22,1315.49,1290.22,1315.38,9158422222
2012-01-29,1315.29,1333.47,1306.06,1316.33,11336016667
2012-02-05,1316.16,1345.34,1300.49,1344.9,11737994444
2012-02-12,1344.32,1354.32,1335.92,1342.64,10725755555
2012-02-19,1343.06,1363.4,1340.8,1361.23,10785788889
2012-02-26,1361.22,1368.92,1352.28,1365.74,8178177777
2012-03-04,1365.2,1378.04,1354.92,1369.63,10507283334
2012-03-11,1369.59,1374.76,1340.03,1370.87,10213027779
2012-03-18,1370.78,1405.88,1366.69,1404.17,11892344445
2012-03-25,1404.17,1414,1386.87,1397.11,10230544445
2012-04-01,1397.11,1419.15,1391.56,1408.47,10273488889
2012-04-08,1408.47,1422.38,1392.92,1398.08,8131183333
2012-04-15,1397.45,1397.45,1357.38,1370.26,10607327778
2012-04-22,1370.27,1392.76,1365.38,1378.53,10281922222
2012-04-29,1378.53,1406.64,1358.79,1403.36,10528288889
2012-05-06,1403.26,1415.32,1367.96,1369.1,10647705556
2012-05-13,1368.79,1373.91,1343.13,1353.39,10948144444
2012-05-20,1351.93,1351.93,1291.98,1295.22,11810738890
2012-05-27,1295.73,1328.49,1295.73,1317.82,10460605555
2012-06-03,1318.9,1334.93,1277.25,1278.04,9001611110
2012-06-10,1278.29,1329.05,1266.74,1325.66,10799377777
2012-06-17,1325.72,1343.32,1306.62,1342.84,10320138888
2012-06-24,1342.42,1363.46,1324.41,1335.02,11186911112
2012-07-01,1334.9,1362.17,1309.27,1362.16,10423066668
2012-07-08,1362.33,1374.81,1348.03,1354.68,6224833333
2012-07-15,1354.66,1361.54,1325.41,1356.78,9260622221
2012-07-22,1356.5,1380.39,1345.07,1362.66,10022450000
2012-07-29,1362.34,1389.19,1329.24,1385.97,11197750000
2012-08-05,1385.94,1394.16,1354.65,1390.99,10788588889
2012-08-12,1391.04,1407.14,1391.04,1405.87,8841066667
2012-08-19,1405.87,1418.71,1397.32,1418.16,7846516667
2012-08-26,1417.85,1426.68,1398.04,1411.13,8177216665
2012-09-02,1411.13,1416.17,1397.01,1406.58,7300744445
2012-09-09,1406.54,1437.92,1396.56,1437.92,7922172222
2012-09-16,1437.92,1474.51,1428.98,1465.77,11123911111
2012-09-23,1465.42,1467.07,1449.98,1460.15,10293094444
2012-09-30,1459.76,1463.24,1430.53,1440.67,9429866666
2012-10-07,1440.9,1470.96,1439.01,1460.93,9526283333
2012-10-14,1460.93,1460.93,1425.53,1428.59,8654105555
2012-10-21,1428.75,1464.02,1427.24,1433.19,10257277777
2012-10-28,1433.21,1435.46,1403.28,1411.94,9437450000
2012-11-04,1410.99,1434.27,1405.95,1414.2,6244155555
2012-11-11,1414.02,1433.38,1373.03,1379.85,10006316667
2012-11-18,1379.86,1388.81,1343.35,1359.88,10059655556
2012-11-25,1359.88,1409.16,1359.88,1409.15,5974450001
2012-12-02,1409.15,1419.7,1385.43,1416.18,9418988889
2012-12-09,1416.34,1423.73,1398.23,1418.07,9405983333
2012-12-16,1418.07,1438.59,1411.88,1413.58,9399355556
2012-12-23,1413.54,1448,1413.54,1430.15,11412994444
2012-12-30,1430.15,1430.15,1401.58,1402.43,4883805556
2013-01-06,1402.43,1467.94,1398.11,1466.47,8144972222
2013-01-13,1466.47,1472.75,1451.64,1472.05,10001916667
2013-01-20,1472.05,1485.98,1463.76,1485.98,9458272221
2013-01-27,1485.98,1503.26,1481.16,1502.96,7943711111
2013-02-03,1502.96,1514.41,1496.33,1513.17,10500661111
2013-02-10,1513.17,1518.31,1495.02,1517.93,9567033333
2013-02-17,1517.93,1524.69,1513.61,1519.79,9490333333
2013-02-24,1519.79,1530.94,1497.29,1515.6,8713000000
2013-03-03,1515.6,1525.84,1485.01,1518.2,10636727778
2013-03-10,1518.2,1552.48,1512.29,1551.18,9993877778
2013-03-17,1551.15,1563.62,1547.36,1560.7,10041627777
2013-03-24,1560.7,1561.56,1538.57,1556.89,9167505557
2013-03-31,1556.89,1570.28,1546.22,1569.19,6814488889
2013-04-07,1569.18,1573.66,1539.5,1553.28,9439977778
2013-04-14,1553.26,1597.35,1548.63,1588.85,8996383334
2013-04-21,1588.84,1588.84,1536.03,1555.25,11125450000
2013-04-28,1555.25,1592.64,1548.19,1582.24,9583594444
2013-05-05,1582.34,1618.46,1581.28,1614.42,9520805555
2013-05-12,1614.4,1635.01,1614.21,1633.7,9150216667
2013-05-19,1632.1,1667.47,1626.74,1667.47,9433150000
2013-05-26,1665.71,1687.18,1635.53,1649.6,9918472223
2013-06-02,1652.63,1674.21,1630.74,1630.74,8134866668
2013-06-09,1631.71,1646.53,1598.23,1643.38,10087572222
2013-06-16,1644.67,1648.69,1608.07,1626.73,8852783333
2013-06-23,1630.64,1654.19,1577.7,1592.43,11366250000
2013-06-30,1588.77,1620.07,1560.33,1606.28,11330500001
2013-07-07,1609.78,1632.07,1604.57,1631.89,6123338889
2013-07-14,1634.2,1680.19,1634.2,1680.19,8981316666
2013-07-21,1679.59,1693.12,1671.84,1692.09,8674055555
2013-07-28,1694.41,1698.78,1676.03,1691.65,8498166666
2013-08-04,1690.32,1709.67,1681.86,1709.67,9400133334
2013-08-11,1708.01,1709.24,1684.91,1691.42,8283372223
2013-08-18,1688.37,1696.81,1652.61,1655.83,8519050000
2013-08-25,1655.25,1664.85,1639.43,1663.5,7750516667
2013-09-01,1664.29,1669.51,1627.47,1632.97,7608733333
2013-09-08,1635.95,1664.83,1633.41,1655.17,7291527778
2013-09-15,1656.85,1689.97,1656.85,1687.99,8762683334
2013-09-22,1691.7,1729.86,1691.7,1709.91,10365533333
2013-09-29,1711.44,1711.44,1687.11,1691.75,8505688887
2013-10-06,1687.26,1696.55,1670.36,1690.5,8808800000
2013-10-13,1687.15,1703.44,1646.47,1703.2,8962516667
2013-10-20,1699.86,1745.31,1692.13,1744.5,9173877778
2013-10-27,1745.2,1759.82,1740.5,1759.77,9702416667
2013-11-03,1759.42,1775.22,1752.7,1761.64,9820344444
2013-11-10,1763.4,1774.54,1746.2,1770.61,10007788889
2013-11-17,1769.96,1798.22,1760.64,1798.18,8598027777
2013-11-24,1798.82,1804.84,1777.23,1804.76,8785488889
2013-12-01,1806.33,1813.55,1800.58,1805.81,5909750000
2013-12-08,1806.55,1810.02,1779.09,1805.09,9260311111
2013-12-15,1806.21,1811.52,1772.28,1775.32,8936999999
2013-12-22,1777.48,1823.75,1767.99,1818.32,10779222222
2013-12-29,1822.92,1844.89,1822.92,1841.4,4552422222
2014-01-05,1841.47,1849.44,1827.74,1831.37,5811983333
2014-01-12,1832.31,1843.23,1823.73,1842.37,9653111111
2014-01-19,1841.26,1850.84,1815.52,1838.7,9911027778
2014-01-26,1841.05,1849.31,1790.29,1790.29,8748522223
2014-02-02,1791.03,1798.77,1770.45,1782.59,10585694444
2014-02-09,1782.68,1798.03,1737.92,1797.02,11322300000
2014-02-16,1796.2,1841.65,1791.83,1838.63,9301211112
2014-02-23,1839.03,1847.5,1824.58,1836.25,7717522223
2014-03-02,1836.78,1867.92,1836.78,1859.45,10395405555
2014-03-09,1857.68,1883.57,1834.44,1878.04,9728983333
2014-03-16,1877.86,1882.35,1839.57,1841.13,9245033334
2014-03-23,1842.81,1883.97,1842.81,1866.52,9821188888
2014-03-30,1867.67,1875.92,1842.11,1857.62,9321866668
2014-04-06,1859.16,1897.28,1859.16,1865.09,9100833334
2014-04-13,1863.92,1872.53,1814.36,1815.69,10185488889
2014-04-20,1818.18,1869.63,1815.8,1864.85,7413605555
2014-04-27,1865.79,1884.89,1859.7,1863.4,8526950001
2014-05-04,1865,1891.33,1850.61,1881.14,10021127778
2014-05-11,1879.45,1889.07,1859.79,1878.48,8951322223
2014-05-18,1880.03,1902.17,1862.36,1877.86,8594316667
2014-05-25,1876.66,1901.26,1868.14,1900.53,7558427778
2014-06-01,1902.01,1924.03,1902.01,1923.57,6588894444
2014-06-08,1923.87,1949.44,1915.98,1949.44,7859827778
2014-06-15,1948.97,1955.55,1925.78,1936.16,7702150000
2014-06-22,1934.84,1963.91,1930.91,1962.87,9028333333
2014-06-29,1962.92,1968.17,1944.69,1960.96,8879705555
2014-07-06,1960.79,1985.59,1958.22,1985.44,6152866667
2014-07-13,1984.22,1984.22,1952.86,1967.57,8162672222
2014-07-20,1969.86,1983.94,1955.59,1978.22,8862416667
2014-07-27,1976.93,1991.39,1965.77,1978.34,7896583333
2014-08-03,1978.25,1984.85,1916.37,1925.15,9676405555
2014-08-10,1926.62,1942.92,1904.78,1931.59,9004105555
2014-08-17,1933.43,1964.04,1928.29,1955.06,7637472222
2014-08-24,1958.36,1994.76,1958.36,1988.4,7119405555
2014-08-31,1991.74,2005.04,1990.52,2003.37,6428727777
2014-09-07,2004.07,2011.17,1990.1,2007.71,6400372222
2014-09-14,2007.17,2007.17,1980.26,1985.54,8184783333
2014-09-21,1986.04,2019.26,1978.48,2010.4,9589900000
2014-09-28,2009.08,2009.08,1965.99,1982.85,8969644445
2014-10-05,1978.96,1985.17,1926.03,1967.9,10448672222
2014-10-12,1970.01,1977.84,1906.05,1906.13,11323633334
2014-10-19,1905.65,1912.09,1820.66,1886.76,13783700001
2014-10-26,1885.62,1965.27,1882.3,1964.58,9971033333
2014-11-02,1962.97,2018.19,1951.37,2018.05,10450505556
2014-11-09,2018.21,2034.26,2001.01,2031.92,10362411110
2014-11-16,2032.01,2046.18,2030.17,2039.82,8984616666
2014-11-23,2038.29,2071.46,2034.46,2063.5,9447022223
2014-11-30,2065.07,2075.76,2064.75,2067.56,6539388889
2014-12-07,2065.78,2079.47,2049.57,2075.37,10159055555
2014-12-14,2074.84,2075.78,2002.33,2002.33,11089544445
2014-12-21,2005.03,2077.85,1972.56,2070.65,14128861111
2014-12-28,2069.28,2092.7,2069.28,2088.77,5314266667
2015-01-04,2087.63,2093.55,2046.04,2058.2,5670783333
2015-01-11,2054.44,2064.43,1992.44,2044.81,10757144445
2015-01-18,2046.13,2056.93,1988.12,2019.42,11264205556
2015-01-25,2020.76,2064.62,2004.49,2051.82,8568900000
2015-02-01,2050.42,2057.62,1989.18,1994.99,10866050000
2015-02-08,1996.67,2072.4,1980.9,2055.47,11567283334
2015-02-15,2053.47,2097.03,2041.88,2096.99,10073361112
2015-02-22,2096.47,2110.61,2085.44,2110.3,7366927777
2015-03-01,2109.83,2119.59,2103,2104.5,9201072223
2015-03-08,2105.23,2117.52,2067.27,2071.26,9471944445
2015-03-15,2072.25,2083.49,2039.69,2053.4,9627211111
2015-03-22,2055.35,2113.92,2055.35,2108.1,10836105555
2015-03-29,2107.99,2114.86,2045.5,2061.02,9165633333
2015-04-05,2064.11,2088.97,2048.38,2066.96,7185261111
2015-04-12,2064.87,2102.61,2056.52,2102.06,8867983332
2015-04-19,2102.03,2111.91,2072.37,2081.18,9602872222
2015-04-26,2084.11,2120.92,2084.11,2117.69,9224722222
2015-05-03,2119.29,2125.92,2077.59,2108.29,10527255556
2015-05-10,2110.23,2120.95,2067.93,2116.1,9863233333
2015-05-17,2115.56,2123.89,2085.57,2122.73,8791261111
2015-05-24,2121.3,2134.72,2120.01,2126.06,8251344444
2015-05-31,2125.34,2126.22,2099.18,2107.39,7432127778
2015-06-07,2108.64,2121.92,2085.67,2092.83,8669322222
2015-06-14,2092.34,2115.02,2072.14,2094.11,8452250000
2015-06-21,2091.34,2126.65,2072.49,2109.99,9541044445
2015-06-28,2112.5,2129.87,2095.38,2101.49,9702094444
2015-07-05,2098.63,2098.63,2056.32,2076.78,8045166667
2015-07-12,2073.95,2083.74,2044.02,2076.62,10036488889
2015-07-19,2080.03,2128.91,2080.03,2126.64,8861383333
2015-07-26,2126.85,2132.82,2077.09,2079.65,9959155556
2015-08-02,2078.19,2114.24,2063.52,2103.84,10696744444
2015-08-09,2104.49,2112.66,2067.91,2077.57,10467250000
2015-08-16,2080.98,2105.35,2052.09,2091.54,9727422223
2015-08-23,2089.7,2103.47,1970.89,1970.89,10150727777
2015-08-30,1965.15,1993.48,1867.01,1988.87,14494427778
2015-09-06,1986.73,1986.73,1903.07,1921.22,10398533333
2015-09-13,1927.3,1988.63,1927.3,1961.05,7803155556
2015-09-20,1963.06,2020.86,1948.27,1958.03,11153205555
2015-09-27,1960.84,1979.64,1908.92,1931.34,10045300001
2015-10-04,1929.18,1951.36,1871.91,1951.36,11859050000
2015-10-11,1954.33,2020.13,1954.33,2014.89,11583000000
2015-10-18,2015.65,2033.54,1990.73,2033.11,9600822222
2015-10-25,2031.73,2079.74,2017.22,2075.15,10436622222
2015-11-01,2075.08,2094.32,2058.84,2079.36,11425516667
2015-11-08,2080.76,2116.48,2080.76,2099.2,11406588889
2015-11-15,2096.56,2096.56,2022.02,2023.04,10939622222
2015-11-22,2022.08,2097.06,2019.39,2089.17,10918161112
2015-11-29,2089.41,2095.61,2070.29,2090.11,6551494444
2015-12-06,2090.95,2104.27,2042.35,2091.69,11366216667
2015-12-13,2090.42,2090.42,2008.8,2012.37,11454916667
2015-12-20,2013.37,2076.72,1993.26,2005.55,13673272223
2015-12-27,2010.27,2067.36,2005.93,2060.99,6765050000
2016-01-03,2057.77,2081.56,2043.62,2043.94,5587372222
2016-01-10,2038.2,2038.2,1918.46,1922.03,12272050000
2016-01-17,1926.12,1950.33,1857.83,1880.33,14050638889
2016-01-24,1888.66,1908.85,1812.29,1906.9,11847216666
2016-01-31,1906.28,1940.24,1872.7,1940.24,13168855556
2016-02-07,1936.94,1947.2,1872.23,1880.05,13378850001
2016-02-14,1873.25,1881.6,1810.1,1864.78,14160316667
2016-02-21,1871.44,1930.68,1871.44,1917.78,10089750000
2016-02-28,1924.44,1962.96,1891,1948.05,11516294444
2016-03-06,1947.13,2009.13,1931.81,1999.99,14003427778
2016-03-13,1996.11,2022.37,1969.25,2022.19,12279644444
2016-03-20,2019.27,2052.36,2005.23,2049.58,12299316666
2016-03-27,2047.88,2056.6,2022.49,2035.94,7690161111
2016-04-03,2037.89,2075.07,2028.31,2072.78,9826111112
2016-04-10,2073.19,2074.02,2033.8,2047.6,10306783335
2016-04-17,2050.23,2087.84,2039.74,2080.73,10814849999
2016-04-24,2078.83,2111.05,2073.65,2091.58,10758033334
2016-05-01,2089.37,2099.89,2052.28,2065.3,11106444445
2016-05-08,2067.17,2083.42,2039.45,2057.14,11043300000
2016-05-15,2057.55,2084.87,2043.13,2046.61,10318372222
2016-05-22,2046.53,2071.88,2025.91,2052.32,10592255555
2016-05-29,2052.23,2099.06,2047.26,2099.06,9362288889
2016-06-05,2100.13,2105.26,2085.1,2099.13,8500044445
2016-06-12,2100.83,2120.55,2089.96,2096.07,9635633333
2016-06-19,2091.75,2098.12,2050.37,2071.22,10709683333
2016-06-26,2075.58,2113.32,2032.57,2037.41,11535483334
2016-07-03,2031.45,2108.71,1991.68,2102.95,12300266666
2016-07-10,2095.05,2131.71,2074.02,2129.9,8211005556
2016-07-17,2131.72,2169.05,2131.72,2161.74,9689827778
2016-07-24,2162.04,2175.63,2159.01,2175.03,8695383334
2016-07-31,2173.71,2177.09,2159.07,2173.6,10110094445
2016-08-07,2173.15,2182.87,2147.58,2182.87,10285300000
2016-08-14,2183.76,2188.45,2172,2184.05,9078122223
2016-08-21,2186.08,2193.81,2168.5,2183.87,8916227778
2016-08-28,2181.58,2193.42,2160.39,2169.04,8488316667
2016-09-04,2170.19,2184.87,2157.09,2179.98,8839561111
2016-09-11,2181.61,2187.87,2127.81,2127.81,8182705555
2016-09-18,2120.86,2163.3,2119.12,2139.16,11224627778
2016-09-25,2143.99,2179.99,2135.91,2164.69,9381022221
2016-10-02,2158.54,2175.3,2141.55,2168.27,10537755555
2016-10-09,2164.33,2165.86,2144.01,2153.74,9931350000
2016-10-16,2160.39,2169.6,2114.72,2132.98,8966955556
2016-10-23,2132.95,2148.44,2124.43,2141.16,8971711111
2016-10-30,2148.5,2154.79,2119.36,2126.41,10615666667
2016-11-06,2129.78,2133.25,2083.79,2085.18,11348744444
2016-11-13,2100.59,2182.3,2100.59,2164.45,14087127777
2016-11-20,2165.64,2189.89,2156.08,2181.9,11735116668
2016-11-27,2186.43,2213.35,2186.43,2213.35,6982327777
2016-12-04,2210.21,2214.1,2187.44,2191.95,11994127777
2016-12-11,2200.65,2259.8,2199.97,2259.53,11298572222
2016-12-18,2258.83,2277.53,2248.44,2258.07,12437561112
2016-12-25,2259.24,2272.56,2256.08,2263.79,7942361112
2017-01-01,2266.23,2273.82,2233.62,2238.83,5214838888
2017-01-08,2251.57,2282.1,2245.13,2276.98,8131738889
2017-01-15,2273.59,2279.27,2254.25,2274.64,9455672223
2017-01-22,2269.14,2276.96,2258.41,2271.31,7550655556
2017-01-29,2267.78,2300.99,2257.02,2294.69,9753300001
2017-02-05,2286.01,2298.31,2267.21,2297.42,10556116666
2017-02-12,2294.28,2319.23,2285.38,2316.1,9622466667
2017-02-19,2321.72,2351.31,2321.42,2351.16,9906477778
2017-02-26,2354.91,2368.26,2352.87,2367.34,8275155556
2017-03-05,2365.23,2400.98,2358.96,2383.12,10841394445
2017-03-12,2375.23,2378.8,2354.54,2372.6,9840266665
2017-03-19,2371.56,2390.01,2358.18,2378.25,10420594445
2017-03-26,2378.24,2381.93,2335.74,2343.98,9516099999
2017-04-02,2329.11,2370.42,2322.25,2362.72,9015266667
2017-04-09,2362.34,2378.36,2344.73,2355.54,9249016665
2017-04-16,2357.16,2366.37,2328.95,2328.95,6802038889
2017-04-23,2332.62,2361.37,2332.51,2348.69,9314016666
2017-04-30,2370.33,2398.16,2369.19,2384.2,10893633334
2017-05-07,2388.5,2399.29,2379.75,2399.29,10449772222
2017-05-14,2399.94,2403.87,2381.74,2390.9,9866449999
2017-05-21,2393.98,2405.77,2352.72,2381.73,10667761112
2017-05-28,2387.21,2418.71,2386.92,2415.82,8953738890
2017-06-04,2411.67,2440.23,2403.59,2439.07,8354494445
2017-06-11,2437.83,2446.2,2415.7,2431.77,9777188889
2017-06-18,2425.88,2443.75,2418.53,2433.15,10831450001
2017-06-25,2442.55,2453.82,2430.74,2438.3,10568094444
2017-07-02,2443.32,2450.42,2405.7,2423.41,9758638889
2017-07-09,2431.39,2439.17,2407.7,2425.18,6441866667
2017-07-16,2424.51,2463.54,2412.79,2459.27,8378783333
2017-07-23,2459.5,2477.62,2450.34,2472.54,8365227778
2017-07-30,2472.04,2484.04,2459.93,2472.1,9980894445
2017-08-06,2475.94,2480.38,2466.48,2476.83,9604894444
2017-08-13,2477.14,2490.87,2437.75,2441.32,9091933334
2017-08-20,2454.96,2474.93,2420.69,2425.55,8470888889
2017-08-27,2425.5,2454.77,2417.35,2443.05,7659055555
2017-09-03,2447.35,2480.38,2428.2,2476.55,7837655555
2017-09-10,2470.35,2471.97,2446.55,2461.43,7511716666
2017-09-17,2474.52,2500.23,2474.52,2500.23,10087977779
2017-09-24,2502.51,2508.85,2496.54,2502.22,8761238890
2017-10-01,2499.39,2519.44,2488.03,2519.36,8987538889
2017-10-08,2521.2,2552.51,2520.4,2549.33,8452994445
2017-10-15,2551.39,2557.65,2541.6,2553.17,8178616666
2017-10-22,2555.57,2575.44,2547.92,2575.21,8432700001
2017-10-29,2578.08,2582.98,2544,2581.07,10149838889
2017-11-05,2577.75,2588.42,2566.17,2587.84,10508477778
2017-11-12,2587.47,2597.02,2566.33,2582.3,10314783333
2017-11-19,2576.53,2590.09,2557.45,2578.85,9564694444
2017-11-26,2579.49,2604.21,2578.24,2602.42,5804994444
2017-12-03,2602.66,2657.74,2598.87,2642.22,10807983334
2017-12-10,2657.19,2665.19,2624.75,2651.5,9549855555
2017-12-17,2652.19,2679.63,2651.47,2675.81,10746638889
2017-12-24,2685.92,2694.97,2676.11,2683.34,8893055556
2017-12-31,2679.09,2692.12,2673.61,2673.61,4870933333
2018-01-07,2683.73,2743.45,2682.36,2743.15,7687661110
2018-01-14,2742.67,2787.85,2736.06,2786.24,9715427778
2018-01-21,2798.96,2810.33,2768.64,2810.3,8569400001
2018-01-28,2809.16,2872.87,2808.12,2872.87,10157711112
2018-02-04,2867.23,2870.62,2759.97,2762.13,11147411112
2018-02-11,2741.06,2763.39,2532.69,2619.55,14881777778
2018-02-18,2636.75,2754.42,2622.45,2732.22,10474872222
2018-02-25,2722.99,2747.76,2697.77,2747.3,7943038889
2018-03-04,2757.37,2789.15,2647.32,2691.25,10992672223
2018-03-11,2681.06,2786.57,2675.75,2786.57,9472883333
2018-03-18,2790.54,2801.9,2741.47,2752.01,10417055556
2018-03-25,2741.38,2741.38,2585.89,2588.26,9740861112
2018-04-01,2619.35,2674.78,2593.06,2640.87,8137744444
2018-04-08,2633.45,2672.08,2553.8,2604.47,9344633333
2018-04-15,2617.18,2680.26,2610.79,2656.3,8672155555
2018-04-22,2670.1,2717.49,2660.61,2670.14,9097461111
2018-04-29,2675.4,2683.55,2612.67,2669.91,9504672222
2018-05-06,2682.51,2682.87,2594.62,2663.42,10268800001
2018-05-13,2680.34,2732.86,2655.2,2727.72,9478211111
2018-05-20,2738.47,2742.1,2701.91,2712.97,9061166667
2018-05-27,2735.39,2742.24,2707.38,2721.33,8868766667
2018-06-03,2705.11,2736.93,2676.81,2734.62,8454133333
2018-06-10,2741.67,2779.9,2739.51,2779.03,9655822223
2018-06-17,2780.18,2791.47,2761.73,2779.66,10760138888
2018-06-24,2765.79,2774.99,2743.19,2754.88,10570461111
2018-07-01,2742.94,2746.09,2691.99,2718.37,9988900000
2018-07-08,2704.95,2764.41,2698.95,2759.82,5829622222
2018-07-15,2775.62,2804.53,2770.73,2801.31,8063511112
2018-07-22,2797.36,2816.76,2789.24,2801.83,8583138888
2018-07-29,2799.17,2848.03,2795.14,2818.82,9415005556
2018-08-05,2819,2840.38,2796.34,2840.35,9518127778
2018-08-12,2840.29,2863.43,2825.81,2833.28,8507000000
2018-08-19,2835.46,2855.63,2802.49,2850.13,8902483333
2018-08-26,2853.93,2876.16,2850.62,2874.69,7719344445
2018-09-02,2884.69,2916.5,2884.69,2901.52,7784205555
2018-09-09,2896.96,2900.18,2864.12,2871.68,6891205556
2018-09-16,2881.39,2908.3,2866.78,2904.98,8500399999
2018-09-23,2903.83,2940.91,2886.16,2929.67,10137627777
2018-09-30,2921.83,2931.15,2903.28,2913.98,9188588889
2018-10-07,2926.29,2939.86,2869.29,2885.57,9550344443
2018-10-14,2877.53,2894.83,2710.51,2767.13,11227077778
2018-10-21,2763.83,2816.94,2749.03,2767.78,9573955554
2018-10-28,2773.94,2778.94,2628.16,2658.69,12112750000
2018-11-04,2682.65,2756.55,2603.54,2723.06,13243805556
2018-11-11,2726.37,2815.15,2717.94,2781.01,10388061112
2018-11-18,2773.93,2775.99,2670.75,2736.27,11288366666
2018-11-25,2730.74,2733.16,2631.09,2632.56,7231111112
2018-12-02,2649.97,2760.88,2649.97,2760.17,10611216667
2018-12-09,2790.5,2800.18,2621.53,2633.08,10024477778
2018-12-16,2630.86,2685.44,2583.23,2599.95,11099183334
2018-12-23,2590.75,2601.13,2408.55,2416.62,15227755556
2018-12-30,2400.56,2520.27,2346.58,2485.74,8137305555
2019-01-06,2498.94,2538.07,2443.96,2531.94,8451277778
2019-01-13,2535.61,2597.82,2524.56,2596.26,10766227778
2019-01-20,2580.31,2675.47,2570.41,2670.71,10477527779
2019-01-27,2657.88,2672.38,2612.86,2664.76,8050538889
2019-02-03,2644.97,2716.66,2624.06,2706.53,10923188889
2019-02-10,2706.49,2738.98,2681.83,2707.88,10063766667
2019-02-17,2712.4,2775.66,2703.79,2775.6,10188100000
2019-02-24,2769.28,2794.2,2764.55,2792.67,7975933334
2019-03-03,2804.35,2813.49,2775.13,2803.69,10881333333
2019-03-10,2814.37,2816.88,2722.27,2743.07,10344494445
2019-03-17,2747.61,2830.73,2747.61,2822.48,11312150000
2019-03-24,2822.61,2860.31,2800.47,2800.71,10404227777
2019-03-31,2796.01,2836.03,2785.02,2834.4,9396905556
2019-04-07,2848.63,2893.24,2848.63,2892.74,9144388889
2019-04-14,2888.46,2910.54,2873.33,2907.41,8750788888
2019-04-21,2908.32,2918,2891.9,2905.03,7555383334
2019-04-28,2898.78,2939.88,2896.35,2939.88,9308733333
2019-05-05,2940.58,2954.13,2900.5,2945.64,9889427778
2019-05-12,2908.89,2937.32,2825.39,2881.4,9779350000
2019-05-19,2840.19,2892.15,2801.43,2859.53,9410394445
2019-05-26,2841.94,2868.88,2805.49,2826.06,9155250001
2019-06-02,2830.03,2840.51,2750.52,2752.06,8375705555
2019-06-09,2751.53,2884.97,2728.81,2873.34,9955405556
2019-06-16,2885.83,2910.61,2874.68,2886.98,8768833333
2019-06-23,2889.75,2964.15,2887.3,2950.46,10245394445
2019-06-30,2951.42,2954.92,2912.99,2941.76,10408916667
2019-07-07,2971.41,2995.84,2952.22,2990.41,6176688890
2019-07-14,2979.77,3013.92,2963.44,3013.77,8453655557
2019-07-21,3017.8,3017.8,2973.09,2976.61,8835644445
2019-07-28,2981.93,3027.98,2976.65,3025.86,9249566666
2019-08-04,3024.47,3025.61,2914.11,2932.05,11165794444
2019-08-11,2898.07,2938.72,2822.12,2918.65,11453738890
2019-08-18,2907.07,2943.31,2825.51,2888.68,10307727778
2019-08-25,2913.48,2939.08,2834.97,2847.11,8954749999
2019-09-01,2866.7,2940.43,2853.05,2926.46,8707383334
2019-09-08,2909.01,2985.86,2891.85,2978.71,7605016667
2019-09-15,2988.43,3020.74,2957.01,3007.39,10907294445
2019-09-22,2996.41,3021.99,2978.57,2992.07,11515583333
2019-09-29,2983.5,3007.98,2945.53,2961.79,9274727779
2019-10-06,2967.07,2992.53,2855.94,2952.01,9562577778
2019-10-13,2944.23,2993.28,2892.66,2970.27,8789511110
2019-10-20,2965.81,3008.29,2962.94,2986.2,8611433334
2019-10-27,2996.48,3027.39,2991.21,3022.55,9584083334
2019-11-03,3032.12,3066.95,3023.19,3066.91,10531483333
2019-11-10,3078.96,3097.77,3065.89,3093.08,11519422222
2019-11-17,3080.33,3120.46,3075.82,3120.46,9234744445
2019-11-24,3117.91,3127.64,3091.41,3110.29,10004994445
2019-12-01,3117.44,3154.26,3117.44,3140.98,7157350000
2019-12-08,3143.85,3150.6,3070.33,3145.91,9695772222
2019-12-15,3141.86,3182.68,3126.09,3168.8,9816600000
2019-12-22,3183.63,3225.65,3183.63,3221.22,12265627778
2019-12-29,3226.05,3247.93,3220.51,3240.02,4970277778
2020-01-05,3240.09,3258.14,3212.03,3234.85,7125911111
2020-01-12,3217.55,3282.99,3214.64,3265.35,9814833333
2020-01-19,3271.13,3329.88,3268.43,3329.62,10039777777
2020-01-26,3321.03,3337.77,3281.53,3295.47,8442877778
2020-02-02,3247.16,3293.47,3214.68,3225.52,10694111111
2020-02-09,3235.66,3347.96,3235.66,3327.71,10816655555
2020-02-16,3318.28,3385.09,3317.77,3380.16,10018644444
2020-02-23,3369.04,3393.52,3328.45,3337.75,8474144444
2020-03-01,3257.61,3259.81,2855.84,2954.22,17519594443
2020-03-08,2974.28,3136.72,2901.54,2972.37,16608616667
2020-03-15,2863.89,2882.59,2478.86,2711.02,22511761111
2020-03-22,2508.59,2562.98,2280.52,2304.92,23270677778
2020-03-29,2290.71,2637.01,2191.86,2541.47,20657049999
2020-04-05,2558.98,2641.39,2447.49,2488.65,17113661111
2020-04-12,2578.28,2818.57,2574.57,2789.82,15093938889
2020-04-19,2782.46,2879.22,2721.17,2874.56,15009572222
2020-04-26,2845.62,2868.98,2727.1,2836.74,14709250001
2020-05-03,2854.65,2954.86,2821.61,2830.71,15979755556
2020-05-10,2815.01,2932.16,2797.85,2929.8,13742472222
2020-05-17,2915.46,2945.82,2766.64,2863.7,15430224018
2020-05-24,2913.86,2980.29,2913.86,2955.45,14297936466
2020-05-31,3004.08,3068.67,2969.75,3044.31,14512049994
2020-06-07,3038.78,3211.72,3031.54,3193.93,16972127949
2020-06-14,3199.92,3233.13,2984.47,3041.31,17954539492
2020-06-21,2993.76,3155.53,2965.66,3097.74,16386318944
2020-06-28,3094.42,3154.9,3004.63,3009.05,15657090625
2020-07-05,3018.59,3165.81,2999.74,3130.01,10454904934
2020-07-12,3155.29,3186.82,3115.7,3185.04,12071322183
2020-07-19,3205.08,3238.28,3127.66,3224.73,12616151150
2020-07-26,3224.29,3279.99,3200.05,3215.63,12262296276
2020-08-02,3219.84,3272.17,3204.13,3271.12,12570830274
2020-08-09,3288.26,3352.54,3284.53,3351.28,11928518367
2020-08-16,3356.04,3387.89,3326.44,3372.85,11390781295
2020-08-23,3380.86,3399.96,3354.69,3397.16,9597645122
2020-08-30,3418.09,3509.23,3413.13,3508.01,10714601440
2020-09-06,3509.73,3588.11,3349.63,3426.96,13615371072
2020-09-13,3371.88,3425.55,3310.47,3340.97,10513993308
2020-09-20,3363.56,3428.92,3292.4,3319.47,14527868509
2020-09-27,3285.57,3323.35,3209.45,3298.46,12481601818
2020-10-04,3333.9,3397.18,3323.69,3348.42,11496737315
2020-10-11,3367.27,3482.34,3354.54,3477.14,10979771248
2020-10-18,3500.02,3549.85,3440.89,3483.81,10993185155
2020-10-25,3493.66,3502.42,3415.34,3465.39,10925607134
2020-11-01,3441.42,3441.42,3233.94,3269.96,13735310174
2020-11-08,3296.2,3529.05,3279.74,3509.44,12482232103
2020-11-15,3583.04,3645.99,3511.91,3585.15,15723784467
2020-11-22,3600.16,3628.51,3543.84,3557.54,12334897832
2020-11-29,3566.82,3644.31,3552.77,3638.35,9198706720
2020-12-06,3634.18,3699.2,3594.39,3699.12,13899252600
2020-12-13,3694.73,3712.39,3633.4,3663.46,12082861427
2020-12-20,3675.27,3726.7,3645.84,3709.41,13777511978
2020-12-27,3684.28,3711.24,3636.48,3703.06,7478126977
2021-01-03,3723.03,3760.2,3723.03,3756.07,6519144553
2021-01-10,3764.61,3826.69,3662.71,3824.68,13264440444
2021-01-17,3803.14,3823.6,3749.62,3768.25,12763525640
2021-01-24,3781.88,3861.45,3780.37,3841.47,9717360925
2021-01-31,3851.68,3870.9,3694.12,3714.24,15744438468
2021-02-07,3731.17,3894.56,3725.62,3886.83,11666627027
2021-02-14,3892.59,3937.23,3884.94,3934.83,10476459994
2021-02-21,3939.61,3950.43,3885.03,3906.71,8808774120
2021-02-28,3885.55,3928.65,3789.54,3811.15,14541966461
2021-03-07,3842.51,3914.5,3723.34,3841.94,14214607961
2021-03-14,3844.39,3960.27,3819.25,3943.34,13294335787
2021-03-21,3942.96,3983.87,3886.75,3913.1,14558013095
2021-03-28,3916.48,3978.19,3853.5,3974.54,12312142691
2021-04-04,3969.31,4020.63,3943.25,4019.87,9151288061
2021-04-11,4034.44,4129.48,4034.44,4128.8,10244264554
