Data,Otwarcie,Najwyzszy,Najnizszy,Close,Wolumen
2001-04-22,1427.35,1523.73,1403.81,1498.95,18079920
2001-04-29,1477.75,1491.19,1451.34,1472.13,17849456
2001-05-06,1474.11,1474.69,1413.35,1422.71,9784707
2001-05-13,1427.93,1445.43,1358.54,1416.04,15732996
2001-05-20,1415.92,1433.13,1376.5,1400.08,16589676
2001-05-27,1400.19,1501.44,1399.33,1476.2,23454172
2001-06-03,1469.44,1483.35,1436.03,1461.81,14827337
2001-06-10,1461.68,1461.68,1346.63,1347.22,20444521
2001-06-17,1340.62,1359.04,1296.37,1298.58,16837915
2001-06-24,1295.38,1316.5,1257.03,1303.39,17391630
2001-07-01,1297.6,1324.06,1260.36,1271.22,13228347
2001-07-08,1269.72,1272.97,1176.93,1219.06,18846574
2001-07-15,1219.56,1220.13,1138.49,1200.31,24934881
2001-07-22,1198.08,1228.93,1137.3,1137.3,17470471
2001-07-29,1137.83,1186.68,1114.83,1184.3,17824315
2001-08-05,1187.21,1201.43,1159.25,1182.44,24290999
2001-08-12,1186.37,1199.19,1113.58,1119.76,16229116
2001-08-19,1120.03,1130.08,1053.03,1062.23,10227541
2001-08-26,1058.01,1133.23,1055.36,1133.23,14177752
2001-09-02,1148.09,1156.22,1107.54,1138.84,12337834
2001-09-09,1138.89,1198.51,1134.56,1170,19593931
2001-09-16,1155.96,1170.87,1059.87,1063.46,19392897
2001-09-23,1040.25,1067.92,987.84,1001.71,16771469
2001-09-30,1015.69,1025.08,977.98,1022.62,20620900
2001-10-07,1019.55,1020.12,987.91,1001.02,17956790
2001-10-14,992.36,1175.23,986.27,1144.44,43304838
2001-10-21,1131.67,1237.06,1119.52,1157.37,39100501
2001-10-28,1157.21,1278.54,1154.15,1260.53,34360356
2001-11-04,1268.48,1298.68,1210.52,1223.77,28548808
2001-11-11,1219.51,1269.41,1197.4,1254.05,23702203
2001-11-18,1258.03,1352.64,1231.09,1325.13,33694963
2001-11-25,1334.71,1343.03,1238.32,1272.86,26278690
2001-12-02,1270.68,1285.94,1251.8,1252.05,22279034
2001-12-09,1237.85,1298.93,1224.21,1276.2,21892215
2001-12-16,1258.23,1263.97,1146.3,1172.79,42253837
2001-12-23,1170.24,1219.14,1167.34,1195.6,42569000
2001-12-30,1198.41,1207.07,1193.16,1207.07,9007608
2002-01-06,1204.18,1352.84,1200.32,1332.58,25490563
2002-01-13,1324.93,1441.83,1314.67,1402.42,44353086
2002-01-20,1379.62,1440.33,1352.7,1416.49,28010401
2002-01-27,1406.42,1482.44,1392.55,1464.1,22011868
2002-02-03,1483.61,1486.23,1397.71,1427.72,23099363
2002-02-10,1405.81,1415.13,1349.91,1369.84,27115968
2002-02-17,1382.44,1395.99,1359.16,1371.71,24507952
2002-02-24,1370.12,1370.12,1327.77,1333.43,18819514
2002-03-03,1338.03,1390.01,1335.87,1390.01,21276202
2002-03-10,1416.96,1419.17,1370.42,1407.66,23019062
2002-03-17,1400.85,1405.09,1336.81,1367.11,13983624
2002-03-24,1364.28,1367.67,1309.68,1356.99,24980503
2002-03-31,1361.45,1364.91,1305.96,1339.05,20973829
2002-04-07,1338.01,1339.39,1299.32,1337.44,13645314
2002-04-14,1329.18,1373.35,1324.73,1335.82,21948087
2002-04-21,1332.53,1364.1,1310.4,1313.37,22913462
2002-04-28,1303.09,1334.43,1288.99,1329.27,20463880
2002-05-05,1327.61,1335.97,1305.48,1305.48,11271344
2002-05-12,1307.62,1310.53,1281.54,1296.44,13713390
2002-05-19,1294.26,1414.21,1293.87,1385.85,33874340
2002-05-26,1381.73,1390.49,1357.04,1376.75,18922871
2002-06-02,1369.1,1391.36,1365.16,1369.37,12691515
2002-06-09,1363.15,1396.23,1354.1,1364.56,16514172
2002-06-16,1358.55,1369.39,1318.23,1318.23,15471264
2002-06-23,1319.92,1334.42,1278.18,1312.45,14625291
2002-06-30,1308.46,1314.79,1209.34,1216.35,24192958
2002-07-07,1207.4,1228.8,1160.94,1206.54,23501829
2002-07-14,1214.05,1221.09,1166.25,1169.84,13417766
2002-07-21,1160.68,1187.79,1116.22,1119.21,17806854
2002-07-28,1098.94,1107.51,1026.65,1067.53,25759608
2002-08-04,1056.3,1098.37,1040.4,1081.36,20119296
2002-08-11,1070.13,1081.35,1044.35,1054.84,14029862
2002-08-18,1053.59,1097.09,1045.53,1081.23,12466540
2002-08-25,1084.46,1145.32,1068.46,1124.7,24147860
2002-09-01,1132.56,1170.54,1106.29,1124.03,19584378
2002-09-08,1124.63,1129.32,1029.57,1064.16,25195447
2002-09-15,1063.11,1114.84,1057.93,1068.34,31173321
2002-09-22,1064.84,1114.69,1064.75,1088.19,31177043
2002-09-29,1097.17,1097.17,1045.62,1063.69,17199681
2002-10-06,1049.4,1064.86,1031.44,1052.4,12980217
2002-10-13,1042.64,1095.91,1034.75,1087.55,16706555
2002-10-20,1088.52,1136.27,1077.36,1136.27,17730188
2002-10-27,1132.7,1165.5,1125.72,1141.8,14736890
2002-11-03,1149.58,1194.27,1148.75,1179.39,17411844
2002-11-10,1195.44,1201.75,1126.94,1137.94,15289060
2002-11-17,1138.73,1165.78,1131.01,1142.02,14893707
2002-11-24,1140.35,1215.85,1140.12,1205.36,18690920
2002-12-01,1208.88,1246.32,1201.95,1219,26509039
2002-12-08,1219,1262.32,1214.87,1219.66,20220329
2002-12-15,1216.63,1223.38,1182.15,1195.68,22443127
2002-12-22,1198.78,1209.75,1146.64,1153.13,23610820
2002-12-29,1154.92,1181.54,1154.92,1178.66,3977081
2003-01-05,1179.29,1221.1,1160.7,1218.49,12585440
2003-01-12,1225.6,1232.31,1190.14,1211.39,22049920
2003-01-19,1220.65,1247.7,1188.97,1192.84,18514144
2003-01-26,1191.6,1195.38,1140.44,1140.44,19984729
2003-02-02,1120.67,1134.39,1096.09,1115.87,14547962
2003-02-09,1122.26,1141.96,1083.92,1099.15,13433196
2003-02-16,1098.05,1123.99,1096.3,1109,11591910
2003-02-23,1128.73,1131.83,1104.98,1116.44,13541685
2003-03-02,1113.96,1121.24,1079.93,1099.69,10809570
2003-03-09,1095.37,1100.79,1062.72,1081.77,17701051
2003-03-16,1087.73,1122.06,1087.73,1103.9,17559172
2003-03-23,1097.1,1128.92,1079.53,1127.98,15808810
2003-03-30,1125.74,1131.72,1104.11,1111.96,11963475
2003-04-06,1099.47,1136.61,1087.05,1132.71,19739040
2003-04-13,1150.34,1167.35,1136.26,1142.48,23582950
2003-04-20,1138.94,1138.94,1111.26,1123.12,12920257
2003-04-27,1114.91,1129.24,1105.44,1111.07,12560501
2003-05-04,1104.15,1125.1,1090.56,1125.1,13431221
2003-05-11,1134.77,1150.01,1126.43,1141.73,21816849
2003-05-18,1143.95,1180.46,1131.46,1161.85,34075593
2003-05-25,1159.83,1178.28,1146.09,1174.13,28674133
2003-06-01,1176.51,1192.46,1160.76,1192.46,27018370
2003-06-08,1194.94,1226.7,1187.26,1225.88,26679364
2003-06-15,1223.11,1229.73,1202.88,1220.16,10876019
2003-06-22,1210.74,1257.84,1205.06,1247.98,14818707
2003-06-29,1240.69,1257.16,1225.8,1248.05,16937294
2003-07-06,1242.24,1276.79,1227.9,1276.79,22928580
2003-07-13,1282.9,1356.55,1280.48,1345.04,42110414
2003-07-20,1354.89,1386.82,1345.42,1374.44,37758757
2003-07-27,1379.23,1382.66,1319.37,1340.05,25895879
2003-08-03,1353.63,1397.07,1353.29,1382.43,46159570
2003-08-10,1377.85,1423.09,1353.9,1395.05,30286749
2003-08-17,1400.51,1477.57,1397.3,1467.98,43185770
2003-08-24,1475.63,1591.41,1453.72,1565.76,57835159
2003-08-31,1552.98,1641.65,1542.07,1637.53,60340994
2003-09-07,1668.99,1742.68,1595.55,1602.69,58648421
2003-09-14,1607.65,1614.17,1508.08,1512.2,39141977
2003-09-21,1518.38,1589.58,1503.37,1545.95,27297896
2003-09-28,1534.32,1536.71,1479.09,1531.16,21107106
2003-10-05,1545.81,1545.81,1477.22,1526.9,21282916
2003-10-12,1533.36,1664.67,1531.09,1637.47,36776971
2003-10-19,1659.27,1721,1596.55,1621.53,32260173
2003-10-26,1613.21,1628.32,1507,1534.19,22078405
2003-11-02,1538.29,1611.24,1498.56,1582.01,31154450
2003-11-09,1596.48,1617.15,1541.11,1572.37,29098118
2003-11-16,1570.12,1592.66,1552.03,1557.04,15970951
2003-11-23,1535.07,1535.87,1409.34,1446.28,34762447
2003-11-30,1459.4,1469.99,1426.98,1448.88,23334651
2003-12-07,1462.82,1527.66,1462.78,1484.36,21167795
2003-12-14,1476,1589.83,1472.69,1575.78,31866222
2003-12-21,1594.59,1599.53,1550.21,1560.06,22992824
2003-12-28,1561.31,1582.19,1559.41,1579.35,7860755
2004-01-04,1581.84,1616.79,1567.5,1616.79,7009484
2004-01-11,1623.49,1710.31,1623.49,1651.58,37483999
2004-01-18,1646.01,1711.16,1629.25,1658.25,25849897
2004-01-25,1663.68,1700.82,1650.14,1683.35,23494075
2004-02-01,1678.4,1687.3,1590.25,1631.99,37883501
2004-02-08,1637.72,1665.44,1622.87,1654.71,22123121
2004-02-15,1675.44,1756.88,1669.02,1728.89,45161327
2004-02-22,1720.98,1759.6,1705.1,1730.58,29363392
2004-02-29,1724.64,1732.03,1659.98,1730.1,28112377
2004-03-07,1762.11,1797.54,1736.53,1781.03,35872501
2004-03-14,1787.38,1819.9,1728.05,1759.52,31651876
2004-03-21,1755.82,1767.36,1694.14,1709.17,35215190
2004-03-28,1701.18,1768.83,1700.18,1752.05,27257299
2004-04-04,1751.61,1817.78,1748.8,1806.18,37869660
2004-04-11,1806.4,1833.15,1802.05,1827.35,16851491
2004-04-18,1838.35,1874.97,1837.08,1843.07,24279073
2004-04-25,1856.9,1862.16,1778.56,1795.53,23773518
2004-05-02,1786.28,1805.36,1739.41,1757,23647334
2004-05-09,1759.07,1782.89,1699.65,1704.28,21153046
2004-05-16,1665.67,1675.65,1608.18,1624.51,35934331
2004-05-23,1601.19,1697.11,1599.64,1667.31,26905624
2004-05-30,1676.11,1694.38,1627.29,1688.11,34303474
2004-06-06,1695.59,1717.43,1667.29,1678.76,19955317
2004-06-13,1690.98,1704.79,1660.83,1672.15,15444637
2004-06-20,1647.39,1665.94,1635.11,1645.04,16902098
2004-06-27,1648.68,1716.4,1647.55,1716.4,21313436
2004-07-04,1717.62,1736.03,1688.9,1701.25,24984966
2004-07-11,1692.37,1715.02,1687.97,1712.17,19504819
2004-07-18,1715.49,1718.86,1640.77,1682.66,20110810
2004-07-25,1684.67,1724.48,1677.73,1696.75,15150390
2004-08-01,1697.85,1708.04,1661.45,1675.06,18996066
2004-08-08,1667.3,1710.07,1666.22,1680.22,17715686
2004-08-15,1665.96,1676.14,1639.77,1651.93,16794804
2004-08-22,1651.69,1703.84,1650.7,1700.55,18377202
2004-08-29,1701.21,1730.1,1692.66,1719.74,23792831
2004-09-05,1712.14,1747.8,1704.65,1738.64,25166937
2004-09-12,1741.48,1796.5,1738.68,1785.15,25969580
2004-09-19,1785.87,1839.58,1777.44,1819.7,38233641
2004-09-26,1816.45,1832.03,1777.64,1781.82,25295080
2004-10-03,1770.97,1816.61,1766.69,1807.47,22137458
2004-10-10,1828.55,1866.55,1821.38,1824.11,32998370
2004-10-17,1816.49,1832.79,1752.79,1773.52,28674392
2004-10-24,1772.88,1809.84,1753.42,1801.43,22647638
2004-10-31,1781.59,1823.13,1769.91,1819.31,33050728
2004-11-07,1836.72,1858.03,1802.15,1810.68,32069281
2004-11-14,1818.3,1871.88,1789.51,1844.33,34510543
2004-11-21,1853.93,1854.95,1798.36,1828.93,45596156
2004-11-28,1813.93,1832.16,1777.2,1832.16,32139874
2004-12-05,1833.91,1912.41,1820.46,1900.1,44481132
2004-12-12,1890.88,1904.62,1863.85,1864.1,35404908
2004-12-19,1866.46,1932.1,1849.55,1924.16,41449408
2004-12-26,1930.69,1954.49,1900.72,1918.52,51401048
2005-01-02,1916.97,1966.04,1904.15,1960.57,22653538
2005-01-09,1962.85,1988.66,1884.41,1903.83,36944440
2005-01-16,1902.29,1903.29,1877.12,1890.03,38572434
2005-01-23,1898.87,1899.14,1824.82,1832.12,35595816
2005-01-30,1818.4,1882.52,1807.72,1872.2,36596120
2005-02-06,1877.68,1935.65,1870.38,1935.65,41243229
2005-02-13,1946.49,1981.87,1938.53,1964.42,43263476
2005-02-20,1968.14,2085.37,1953.33,2045.66,59481115
2005-02-27,2037.35,2124.33,2030.26,2118.49,56174680
2005-03-06,2128.33,2131.4,2012.38,2052.94,56299062
2005-03-13,2062.75,2101.39,2026.8,2033.63,50379119
2005-03-20,2029.37,2031.38,1945.19,1970.17,51442546
2005-03-27,1976.86,1983.89,1927.7,1968.88,30615021
2005-04-03,1970.67,2024.04,1948.84,1988.63,25621325
2005-04-10,1995.14,2022.09,1974.46,1991.34,25325840
2005-04-17,1974.93,2008.73,1937.93,1952.43,28646515
2005-04-24,1922.01,1940.55,1890.24,1931.42,33761401
2005-05-01,1931.39,1944.09,1852.57,1858.99,32403703
2005-05-08,1866.61,1895.72,1854.93,1874.04,26305862
2005-05-15,1876.17,1880.49,1815.48,1828.23,41194473
2005-05-22,1830.33,1896.48,1809.02,1884.68,40371041
2005-05-29,1884.57,1915.07,1860.37,1915.07,23990674
2005-06-05,1918.87,1947.54,1888.29,1940.17,35463774
2005-06-12,1938.96,1998.52,1935.1,1989.72,39229136
2005-06-19,1980.78,2031.32,1971.28,2029.99,37325092
2005-06-26,2027.3,2081.69,2020.69,2031.67,39701816
2005-07-03,2025.76,2071.02,2008.4,2068.7,42038100
2005-07-10,2072.86,2103.72,2014.33,2077.18,48198599
2005-07-17,2089.81,2138.75,2066.42,2124.25,41620980
2005-07-24,2121.73,2153.09,2096.62,2111.05,36346443
2005-07-31,2121.01,2210.41,2112.26,2202.53,43419713
2005-08-07,2198.74,2274.72,2198.49,2238.65,36390587
2005-08-14,2243.89,2288.74,2221.64,2227.47,34662248
2005-08-21,2242.5,2258.46,2186.03,2198.05,26592979
2005-08-28,2199.87,2235.84,2192.13,2230.46,28672421
2005-09-04,2228.35,2354.07,2225.91,2328.01,50709045
2005-09-11,2321.72,2350.02,2300.21,2345.36,33711025
2005-09-18,2356.68,2463.02,2350.43,2453.63,43169927
2005-09-25,2460.56,2551.13,2425.49,2456.56,59243193
2005-10-02,2445.74,2540.71,2427.91,2518.73,46689415
2005-10-09,2525.56,2573.41,2390.78,2421.12,47337956
2005-10-16,2431.81,2462.03,2293.4,2318.77,41246995
2005-10-23,2341.43,2376.2,2278.13,2323.23,54241425
2005-10-30,2322.77,2380.1,2273.49,2316.55,52205829
2005-11-06,2334.19,2468.59,2329.71,2468.59,33931665
2005-11-13,2454.5,2466.05,2422.35,2440.67,45811064
2005-11-20,2473.92,2530.62,2426.63,2500.37,47284149
2005-11-27,2510.52,2511.84,2444.32,2479.97,47714998
2005-12-04,2501.11,2581.72,2481.8,2581.72,46758768
2005-12-11,2584.63,2599.54,2531.92,2558.19,44150520
2005-12-18,2564.43,2620.63,2561.35,2596.16,55777033
2005-12-25,2602.05,2665.65,2596.06,2662.32,73245349
2006-01-01,2658.27,2702.61,2644.05,2654.95,31090899
2006-01-08,2640.23,2877.29,2627.03,2854.25,97768896
2006-01-15,2887.52,2918.95,2776.01,2785.54,82028331
2006-01-22,2779.91,2921.54,2768.7,2909.77,68908445
2006-01-29,2865.54,2975.73,2848.65,2937.66,82924023
2006-02-05,2937.05,2950.59,2753.78,2760.65,59348739
2006-02-12,2779,2863.19,2779,2791.75,43202936
2006-02-19,2760.01,2861.9,2759.33,2859.61,55860925
2006-02-26,2878.52,2941.49,2867.44,2941.38,52764366
2006-03-05,2952.93,2965.57,2816.42,2886.51,90363269
2006-03-12,2889.23,2908.82,2718.94,2757.95,78793982
2006-03-19,2771.66,2884.35,2717.97,2831.34,83956560
2006-03-26,2835.95,2874.58,2763.91,2847.82,49633685
2006-04-02,2853.23,2883.49,2774.39,2864.83,39751804
2006-04-09,2862.56,2988.31,2859.69,2974.21,67258736
2006-04-16,2980.87,3043.76,2946.72,3023.69,72131280
2006-04-23,3052.7,3209.22,3051.11,3185.67,75910501
2006-04-30,3182.17,3274.66,3140.37,3193.27,78865563
2006-05-07,3185.56,3298.37,3180.93,3282.02,38821938
2006-05-14,3330.28,3348.81,3246.97,3298.03,81139050
2006-05-21,3255.96,3263.79,2995.43,3031.52,107391017
2006-05-28,2997.61,3000.56,2711.55,2880.16,128407154
2006-06-04,2916.87,2929.06,2755.36,2912.81,81832341
2006-06-11,2902.43,2963.9,2720.88,2736.85,77865235
2006-06-18,2712.74,2712.74,2449.79,2553.32,97238722
2006-06-25,2591.92,2694.53,2566.73,2619.05,72901146
2006-07-02,2614.7,2933.77,2614.7,2889.67,123491455
2006-07-09,2901.84,3015.78,2832.29,3004.64,99776886
2006-07-16,2939.87,3110.65,2863.66,2919.45,110965574
2006-07-23,2923.07,3052.8,2858.21,3024.01,72296089
2006-07-30,3013.6,3206.38,3003.42,3191.3,84065299
2006-08-06,3196.54,3224.68,2974.26,3036.78,87845648
2006-08-13,3008.88,3076.66,2917.38,2917.38,82493902
2006-08-20,2936.96,2996.98,2908.79,2962.37,64149401
2006-08-27,2961.09,3000.52,2882.25,2905.33,53802063
2006-09-03,2888.41,3031.32,2862.83,2970.9,60341254
2006-09-10,2999.45,3113.96,2980.04,2996.65,75076854
2006-09-17,2963.27,3061.14,2929.04,3003.11,129746976
2006-09-24,3022.91,3052.56,2884.25,2914.2,112664722
2006-10-01,2936.11,2969.32,2905.37,2918.83,91411414
2006-10-08,2940.01,3007.89,2891.32,2990.8,71705791
2006-10-15,2986.33,3189.69,2985.57,3180.72,89800659
2006-10-22,3180.3,3240.6,3126.66,3173.35,101215505
2006-10-29,3173.26,3226.25,3125.39,3146.13,179881258
2006-11-05,3115.35,3134.83,3070.62,3123.61,86487174
2006-11-12,3139.72,3288.1,3130.62,3189.99,175559612
2006-11-19,3186.59,3214.79,3093.14,3125.06,186583436
2006-11-26,3109.83,3235.98,3084.79,3194.58,120651278
2006-12-03,3202.54,3274.23,3141.97,3232.61,92430618
2006-12-10,3250.4,3423.13,3250.04,3392.1,116372288
2006-12-17,3404.23,3416.49,3312.51,3410.06,147122183
2006-12-24,3412.06,3429.79,3253.74,3253.74,139738812
2006-12-31,3294.47,3341.47,3261.8,3285.49,69271958
2007-01-07,3288.38,3358.26,3191.57,3202.15,98517290
2007-01-14,3172.24,3267.11,3139.19,3262.98,110582678
2007-01-21,3285.32,3470.4,3285.15,3457.94,145724910
2007-01-28,3488.02,3519.89,3349.55,3405.02,147336650
2007-02-04,3416.25,3561.42,3389.11,3523.46,140044486
2007-02-11,3526.33,3554.97,3400.1,3417.38,123354954
2007-02-18,3383.92,3451.49,3344.45,3374.21,79513895
2007-02-25,3392.83,3526.02,3384.33,3508.99,178563349
2007-03-04,3538.51,3539.18,3180.13,3242.12,212728480
2007-03-11,3151.86,3328.41,3116.16,3269.84,123550736
2007-03-18,3307.64,3343.77,3147.59,3314.67,166714722
2007-03-25,3336.56,3511.82,3332.8,3511.82,132686125
2007-04-01,3515.9,3553.42,3432.86,3520.24,105067989
2007-04-08,3489.63,3567.65,3461.38,3545.53,66089989
2007-04-15,3554.3,3630.83,3547.32,3589.64,106030732
2007-04-22,3652.78,3675.18,3564.48,3649.33,135670924
2007-04-29,3668.98,3672.18,3546.11,3570.06,103405565
2007-05-06,3568.7,3697.38,3560.38,3697.38,46557121
2007-05-13,3692.37,3712.79,3488.02,3568.93,88278229
2007-05-20,3589.94,3613.06,3465.89,3515.77,115540570
2007-05-27,3529.65,3636.38,3515.52,3554.52,86190966
2007-06-03,3575.48,3738.09,3542.43,3738.09,104889123
2007-06-10,3726.73,3790.96,3599.14,3646.18,81382518
2007-06-17,3681.47,3836.68,3627.5,3815.42,108243776
2007-06-24,3816.63,3848.36,3678.54,3740.38,71019996
2007-07-01,3725.16,3795.99,3688.53,3759.28,110077168
2007-07-08,3752.86,3899.59,3703.03,3899.59,74104412
2007-07-15,3896.04,3919.1,3780.53,3846.05,94174329
2007-07-22,3858.26,3877.63,3766.16,3825.11,81733469
2007-07-29,3823.54,3890.49,3648.53,3697.31,109360400
2007-08-05,3713.9,3740.1,3621.63,3624.31,85033081
2007-08-12,3572.95,3656.04,3450.33,3460.86,90162431
2007-08-19,3488.52,3562.16,3248.08,3383.11,167361524
2007-08-26,3423.66,3604.17,3324.87,3601.93,116109438
2007-09-02,3626.68,3638.83,3462.95,3601.55,174440264
2007-09-09,3601.74,3651.55,3477.46,3505.61,158142290
2007-09-16,3463.83,3654.42,3442.26,3612.81,75560134
2007-09-23,3602.39,3829.93,3578.42,3775.24,105838062
2007-09-30,3780.49,3783.38,3632.93,3633.64,73397044
2007-10-07,3635.66,3763.66,3591.69,3738.5,116722453
2007-10-14,3762.19,3914.03,3722.91,3879.19,186063824
2007-10-21,3901.24,3914.93,3747.52,3813.76,100311037
2007-10-28,3760.51,3915.53,3734.05,3885.61,147823598
2007-11-04,3935.47,3940.53,3804.75,3812.55,67939548
2007-11-11,3787.22,3826.51,3545.56,3606.62,169112374
2007-11-18,3569.76,3660.73,3452.16,3494.3,193684382
2007-11-25,3534.87,3596.02,3475.86,3562.22,161084470
2007-12-02,3594.21,3597.97,3428.56,3545.73,152155859
2007-12-09,3563.62,3703.49,3507.8,3688.52,273167336
2007-12-16,3684.13,3746,3535.64,3560.87,157670262
2007-12-23,3512.83,3525.62,3344.69,3482.63,327419171
2007-12-30,3494.8,3544.08,3440.51,3456.05,60299257
2008-01-06,3453.34,3491.01,3374.98,3397.29,68818607
2008-01-13,3378.25,3392.42,3199.27,3210.63,191323633
2008-01-20,3209.48,3212.97,2868.81,3000.56,248159200
2008-01-27,2897.77,2995.09,2669.46,2965.95,280815554
2008-02-03,2918.37,3057.24,2886.99,3045.06,213585959
2008-02-10,3097.39,3109.43,2851.17,2927.71,182132382
2008-02-17,2902.12,3158.58,2899.37,3045.11,158040020
2008-02-24,3064.77,3147.98,3029.26,3060.98,90276508
2008-03-02,3094.88,3111.75,2916.71,2927.9,122121637
2008-03-09,2867.39,2915.32,2781.16,2822.85,215973884
2008-03-16,2823.27,2981.03,2812.38,2842.56,123636492
2008-03-23,2790.34,2898.15,2716.57,2821.3,120447585
2008-03-30,2934.87,3009.2,2904.25,2977.82,104089736
2008-04-06,2944.9,3069.04,2921.68,3025.98,106401311
2008-04-13,3055.79,3074.98,2892.11,2892.63,89322523
2008-04-20,2883.14,2971.63,2838.81,2971.63,113755523
2008-04-27,2966.68,2985.75,2833.31,2897.2,157558719
2008-05-04,2926.67,2941.99,2867.24,2922.59,55706009
2008-05-11,2969.96,3051.98,2950.09,2998.59,114601327
2008-05-18,3028.47,3068.51,3011.25,3032.89,129158184
2008-05-25,3019.02,3022.76,2888.7,2908.59,94661599
2008-06-01,2904.26,2957.22,2891.54,2905.28,146270359
2008-06-08,2909.89,2948.34,2862.27,2864.57,117575107
2008-06-15,2832.64,2837.51,2668.77,2729.32,128671284
2008-06-22,2755.82,2755.82,2625,2686.78,145775711
2008-06-29,2706.46,2730.69,2590.05,2598.81,105620517
2008-07-06,2621.66,2632.91,2517.28,2523.37,144665139
2008-07-13,2537.62,2609.13,2482.44,2517.32,165592337
2008-07-20,2538.72,2551.68,2404.06,2508.53,196404983
2008-07-27,2493.49,2645.39,2489.15,2631.8,183097817
2008-08-03,2611.84,2760.21,2609.09,2716.64,170916182
2008-08-10,2689.26,2746.61,2589.32,2608.95,144088816
2008-08-17,2641.51,2683.23,2604.5,2620.53,80213657
2008-08-24,2616.99,2644.57,2525.12,2592.57,110821563
2008-08-31,2596.48,2606.52,2492.95,2597.02,100364008
2008-09-07,2559.18,2656.16,2493.53,2503.38,134539906
2008-09-14,2563.6,2575.16,2441.83,2457.33,108966786
2008-09-21,2413.2,2433.87,2227.72,2433.87,209989251
2008-09-28,2446.11,2473.11,2357.23,2457.75,189075802
2008-10-05,2447.39,2456.38,2256.71,2352.16,180950708
2008-10-12,2273.34,2276.61,1874.53,1991.62,278123242
2008-10-19,2061.5,2134.47,1716.13,1779.09,233884184
2008-10-26,1822.37,1869.22,1502.34,1555.68,248469436
2008-11-02,1493.37,1835.85,1470.85,1825.84,241399095
2008-11-09,1819.75,1903.39,1762.77,1819.26,233295836
2008-11-16,1852.17,1880.93,1629.91,1707.41,169559891
2008-11-23,1694.4,1715.74,1533.01,1586.64,242112259
2008-11-30,1614.83,1810.12,1605.86,1742.08,300261232
2008-12-07,1724.82,1779.97,1642.99,1732.74,141790565
2008-12-14,1807,1862.73,1748.81,1762.09,137120131
2008-12-21,1788.06,1868.35,1768.81,1777.9,176778395
2008-12-28,1788.42,1794.97,1737.21,1747.82,35136597
2009-01-04,1753.49,1818.3,1753.23,1789.73,51477889
2009-01-11,1851.42,1921.47,1816.95,1817.37,257821281
2009-01-18,1812.07,1823.51,1650.18,1705.23,405203546
2009-01-25,1719.43,1719.9,1545.25,1611.48,209706752
2009-02-01,1583.99,1672.89,1570.64,1594.92,138349741
2009-02-08,1574.51,1580.45,1439.67,1531.73,206795119
2009-02-15,1548.37,1594.84,1475.02,1492.21,233700665
2009-02-22,1482.81,1485.29,1253.24,1383.1,241934927
2009-03-01,1428.15,1437.71,1317.06,1372.47,162865337
2009-03-08,1346.52,1487.4,1337.32,1476.46,176790911
2009-03-15,1477.48,1537.46,1430.85,1488.8,185164676
2009-03-22,1504.67,1523.63,1441.02,1506.5,165079457
2009-03-29,1526.93,1650.38,1524.44,1574.81,240818650
2009-04-05,1537.78,1708.2,1480.94,1668.1,539466704
2009-04-12,1698.32,1785.1,1627.74,1784.94,319945757
2009-04-19,1752.32,1814,1698.31,1698.31,366507220
2009-04-26,1705.96,1769.68,1640.9,1767.44,261397315
2009-05-03,1738.83,1802.6,1673.54,1798.51,204373008
2009-05-10,1830.85,1904.18,1820.93,1847.06,525576962
2009-05-17,1849.56,1885.12,1781.63,1810.08,233664405
2009-05-24,1806.88,1920.39,1800.99,1814.62,321642019
2009-05-31,1828.21,1867.33,1774.89,1802.37,286146056
2009-06-07,1849.59,2013.41,1843.56,1962.39,232763133
2009-06-14,1948.83,2041.32,1916.43,2041.32,166789404
2009-06-21,2029.58,2042.7,1900.18,1965.17,287229632
2009-06-28,1954.57,1954.57,1815.21,1858.24,227992703
2009-07-05,1842.59,1911.09,1821.24,1828.27,195276125
2009-07-12,1809.5,1837.98,1786.51,1790.44,506303577
2009-07-19,1773.75,1930.63,1758.19,1897.32,243860755
2009-07-26,1928.63,2112.93,1928.09,2083.95,217610421
2009-08-02,2123.48,2170.16,2012.02,2137.56,200040676
2009-08-09,2141.05,2186.3,2043.7,2116.05,180665957
2009-08-16,2130.39,2160.67,2032.49,2097.16,224991389
2009-08-23,2055.26,2241.05,2019.65,2234.63,199711566
2009-08-30,2254.75,2317.07,2214.78,2235.91,215502506
2009-09-06,2221.88,2245.14,2106.81,2117.09,200004656
2009-09-13,2165.16,2259.27,2148.76,2148.76,189308899
2009-09-20,2118.75,2182.74,2087.15,2147.28,213770692
2009-09-27,2156.29,2296.92,2135.39,2245.27,389941953
2009-10-04,2254.16,2271.23,2144.13,2144.13,234364864
2009-10-11,2160.11,2235.48,2136.65,2211.26,163022895
2009-10-18,2225.21,2325.82,2202.45,2272.37,340469304
2009-10-25,2289.91,2416.97,2289.17,2412.18,204146714
2009-11-01,2398.09,2411.71,2245.42,2274.72,240432620
2009-11-08,2244.13,2315.73,2193.87,2276.74,177107191
2009-11-15,2312.41,2393.6,2306.16,2356.59,175468154
2009-11-22,2408.64,2441.79,2315.37,2347.67,348256890
2009-11-29,2378.87,2411.7,2236.63,2316.97,226709893
2009-12-06,2345.84,2453.17,2328.42,2448.25,135525688
2009-12-13,2430.49,2443.58,2309.93,2333.97,127657340
2009-12-20,2370.52,2373.26,2309.95,2322.64,157937631
2009-12-27,2322.34,2375.15,2318.7,2371.07,77045452
2010-01-03,2402.91,2418.9,2387.98,2388.72,94898344
2010-01-10,2403.01,2480.91,2403.01,2440.42,153389866
2010-01-17,2465.27,2476.23,2427.9,2442.38,177140822
2010-01-24,2441.74,2501.61,2399.73,2407.78,250439951
2010-01-31,2409.93,2425.93,2348.62,2382.64,128567352
2010-02-07,2364.11,2402.24,2195.65,2195.65,150657828
2010-02-14,2220.85,2245.89,2165.2,2216.71,388636370
2010-02-21,2230.44,2290.06,2218.2,2249.48,211067266
2010-02-28,2282.03,2284.74,2185.14,2265.01,218083813
2010-03-07,2280.01,2395.44,2261.52,2389.37,333748362
2010-03-14,2402.38,2445.13,2374.53,2415.82,296595425
2010-03-21,2416.21,2496.88,2385.36,2441.39,586888750
2010-03-28,2446.1,2513.56,2411.91,2495.65,321051797
2010-04-04,2502.2,2552.5,2480.59,2552.5,160258426
2010-04-11,2565.41,2576.75,2517.96,2553.58,134754828
2010-04-18,2547.91,2619.13,2547.91,2594.83,121709294
2010-04-25,2542.55,2596.1,2483.31,2514.63,196299145
2010-05-02,2550.09,2582.49,2472.76,2547.52,113988348
2010-05-09,2566.41,2567.55,2334.9,2336.99,185500814
2010-05-16,2415.37,2495.59,2389.61,2389.61,341926331
2010-05-23,2369.89,2444.61,2258.96,2308.92,346625770
2010-05-30,2332.61,2427.11,2260.87,2427.11,312883184
2010-06-06,2414.56,2433.81,2334.79,2354.86,183935117
2010-06-13,2323.61,2393.18,2307.76,2378.4,201350332
2010-06-20,2392.82,2417.3,2337.15,2361.16,269393744
2010-06-27,2393.65,2402.54,2301.5,2337.98,165418320
2010-07-04,2341.31,2348.86,2240.19,2300.67,153825943
2010-07-11,2303.05,2350.98,2284.11,2333.6,100095516
2010-07-18,2332.96,2415.06,2326.94,2375.24,99365942
2010-07-25,2366.68,2470.78,2355.72,2460.96,147140887
2010-08-01,2479.67,2507.21,2449.24,2474.67,183197834
2010-08-08,2489.87,2563.13,2487.01,2548.63,226110101
2010-08-15,2552.41,2561.42,2442.68,2452.05,150590521
2010-08-22,2465.03,2502.44,2430.11,2445.14,91372269
2010-08-29,2442.5,2473.45,2384.93,2430.39,88045574
2010-09-05,2438.22,2480.06,2372.96,2476.19,142153615
2010-09-12,2472.01,2542.3,2467.1,2524.48,166744097
2010-09-19,2565.86,2572.6,2533.74,2539.42,200740187
2010-09-26,2537.85,2606.78,2535.23,2606.78,106047450
2010-10-03,2612.52,2619.64,2567.32,2611.3,134627220
2010-10-10,2608.61,2686.35,2592.02,2609.15,148992595
2010-10-17,2622.79,2703.31,2603.84,2654.25,159709584
2010-10-24,2652.99,2676.95,2592.69,2641.6,288997191
2010-10-31,2660.72,2664.63,2611.25,2651.27,230856312
2010-11-07,2661.22,2744.18,2658.51,2733.37,138026090
2010-11-14,2738.35,2769.26,2680.28,2739.5,128005696
2010-11-21,2733.86,2739.1,2636.8,2655.84,440372707
2010-11-28,2658.4,2674.79,2607.4,2641.81,136076797
2010-12-05,2640.96,2714.7,2606.3,2712.09,157639735
2010-12-12,2716.54,2782.92,2699.62,2763.26,162629971
2010-12-19,2775.29,2787.09,2742.49,2759.52,252223049
2010-12-26,2757.99,2780.81,2728.55,2768.66,53584654
2011-01-02,2771.4,2775.89,2740.49,2744.17,57019763
2011-01-09,2754.67,2784.72,2664.7,2682,83799583
2011-01-16,2674.3,2730.58,2631.53,2704.88,127790298
2011-01-23,2701.75,2809,2699.34,2733.31,116861599
2011-01-30,2736.95,2745.29,2688.09,2704.92,111746054
2011-02-06,2685.71,2766.02,2660.51,2742.34,123198711
2011-02-13,2751.39,2763.01,2694.55,2727.06,130033177
2011-02-20,2741.99,2745.13,2627.95,2663.53,102028105
2011-02-27,2670.24,2683.56,2638.72,2673.52,97919530
2011-03-06,2676.19,2800.7,2666.79,2783.11,122890479
2011-03-13,2785.23,2820.13,2731.04,2749.3,129538828
2011-03-20,2743.35,2779.69,2697.69,2779.69,165993609
2011-03-27,2788.71,2813.89,2754.1,2813.89,129179629
2011-04-03,2806.83,2877.24,2801.23,2877.24,135740341
2011-04-10,2874.01,2942.39,2869.49,2903.53,133576940
2011-04-17,2914.84,2926.79,2878.84,2917.21,90969653
2011-04-24,2918.45,2938.04,2863.59,2908.02,64406542
2011-05-01,2905.06,2933.43,2896.82,2913.13,65378144
2011-05-08,2919.05,2919.81,2845.32,2867.19,94294435
2011-05-15,2874.5,2877.64,2810.12,2822.57,179030539
2011-05-22,2815.22,2861.97,2805.67,2829.43,135501893
2011-05-29,2800.66,2881.22,2785.13,2866.63,117036076
2011-06-05,2875.6,2916.64,2865.93,2883.82,121413178
2011-06-12,2883.5,2903.3,2847.86,2852.16,125784183
2011-06-19,2852.82,2882.25,2850.55,2880.13,162383722
2011-06-26,2851.4,2859.11,2790.64,2801.59,87785708
2011-07-03,2792.76,2830.23,2755.35,2813.35,104974731
2011-07-10,2825.82,2829.1,2771.79,2793.62,95116619
2011-07-17,2782.77,2787.06,2699.35,2747.6,96830779
2011-07-24,2722.52,2743.46,2662.09,2743.46,103218936
2011-07-31,2722.54,2738.99,2667.83,2726.31,81248598
2011-08-07,2744.18,2751.14,2369.86,2447.21,135317253
2011-08-14,2410.38,2480.15,2115.38,2331.53,250652164
2011-08-21,2342.31,2407.2,2164.32,2252.4,126782721
2011-08-28,2244.84,2334.8,2243.77,2313.3,99182612
2011-09-04,2313.3,2452.41,2299.27,2359.75,149295673
2011-09-11,2304.96,2391.07,2248.74,2248.74,123311366
2011-09-18,2198.89,2320.14,2153.73,2298.52,140940497
2011-09-25,2253.43,2314.17,2018.99,2101.23,163957863
2011-10-02,2055.2,2228.19,2042.42,2188.73,148694628
2011-10-09,2123.14,2210.16,2049.88,2190.35,138590771
2011-10-16,2212.23,2329.59,2190.1,2300.65,119995804
2011-10-23,2322.97,2336.21,2222.09,2305.42,102290991
2011-10-30,2330.17,2433.44,2315.31,2409.3,110708629
2011-11-06,2392.53,2423.55,2314.7,2362.72,91950197
2011-11-13,2347.31,2416.48,2264.85,2288.44,91968810
2011-11-20,2355.27,2361.47,2239.88,2239.88,104045901
2011-11-27,2229.68,2230.49,2116.61,2163.8,115652994
2011-12-04,2188.99,2303.75,2164.89,2257.9,118840020
2011-12-11,2279.03,2305.96,2174.07,2226.88,121423735
2011-12-18,2216.15,2219.02,2111.44,2116.03,171018406
2011-12-25,2115.41,2168.83,2090.52,2168.83,68816167
2012-01-01,2169.08,2178.34,2128.15,2144.48,44694708
2012-01-08,2150.6,2207.93,2133.77,2157.43,118527256
2012-01-15,2164.2,2192.63,2119.32,2166.38,116115000
2012-01-22,2153.32,2261.02,2150.77,2261.02,163604611
2012-01-29,2260.36,2330.56,2243.1,2306.37,156222487
2012-02-05,2299.47,2397.61,2286.35,2374.47,119280770
2012-02-12,2370.99,2401.5,2324.97,2324.97,130268775
2012-02-19,2345.79,2360.73,2316.11,2359.89,106253224
2012-02-26,2369.07,2379.84,2297.46,2311.89,122536972
2012-03-04,2314.36,2342,2288.23,2325.26,106797756
2012-03-11,2307.69,2315.66,2235.96,2286.02,120645793
2012-03-18,2288.12,2352.28,2275.89,2337.92,178166682
2012-03-25,2337.99,2337.99,2246.19,2284.34,247685930
2012-04-01,2281.72,2334.96,2266.41,2286.53,173252019
2012-04-08,2286.36,2313.81,2241.73,2263.35,159668668
2012-04-15,2252.5,2278.58,2213.05,2249.93,235281821
2012-04-22,2244.33,2276.89,2208.92,2221.91,215425713
2012-04-29,2212.52,2244.3,2157.33,2244.3,192109337
2012-05-06,2245.4,2251.74,2204.11,2210.08,91438239
2012-05-13,2179,2217.4,2151.6,2178.77,135825851
2012-05-20,2168.04,2168.04,2035.67,2060.99,199409914
2012-05-27,2080.16,2111.51,2009.3,2037.18,152365189
2012-06-03,2055.14,2100.13,2044.48,2071.54,147096027
2012-06-10,2065.45,2153.86,2039.72,2153.86,111658224
2012-06-17,2167.34,2248.11,2161.56,2233.38,248880605
2012-06-24,2259.05,2276.39,2219.09,2242.15,178830334
2012-07-01,2230.55,2276.19,2208.35,2275.3,134157282
2012-07-08,2266.57,2302.06,2248.64,2273.28,118704687
2012-07-15,2263.46,2268.51,2142.07,2191.41,127081560
2012-07-22,2193.26,2198.92,2163.31,2172.56,129922292
2012-07-29,2140.94,2168.36,2089.08,2162.64,126249409
2012-08-05,2168.5,2229.01,2160.29,2222.64,97336049
2012-08-12,2226.56,2326.61,2223.2,2313.09,121409493
2012-08-19,2304.41,2351.85,2298.32,2313.69,115635460
2012-08-26,2294.42,2313.24,2263.98,2283.08,117697426
2012-09-02,2281.74,2294.6,2224.38,2258.29,150565809
2012-09-09,2261.63,2325.94,2244.78,2317.21,121593849
2012-09-16,2318.43,2424.09,2318.2,2417.32,196007772
2012-09-23,2408.57,2422.1,2372.93,2380.32,202909706
2012-09-30,2375.26,2386.63,2346.97,2371.42,168534157
2012-10-07,2363.98,2416.45,2357.28,2411.07,197904211
2012-10-14,2399.62,2407.66,2364.07,2375.91,200591499
2012-10-21,2371.08,2406.79,2350.25,2350.25,204202317
2012-10-28,2354.3,2361.73,2303.33,2320.08,132321400
2012-11-04,2313.94,2345.99,2311.12,2345.99,97991481
2012-11-11,2325.79,2353.23,2306.35,2323.97,168347075
2012-11-18,2319.92,2383.53,2318.8,2367.74,189027241
2012-11-25,2379.67,2409.8,2370.15,2398.39,125547770
2012-12-02,2398.63,2424.47,2388.54,2421.54,182483687
2012-12-09,2419.92,2486.42,2419.92,2450.74,154068522
2012-12-16,2450.99,2536.8,2448.64,2536.8,195832213
2012-12-23,2532.75,2609.06,2527.73,2583.06,386939475
2012-12-30,2581.96,2618.06,2577.79,2582.98,94837402
2013-01-06,2618.86,2634.18,2592.47,2601.73,131453644
2013-01-13,2600.21,2602.15,2550.52,2557.93,151984711
2013-01-20,2567.29,2585.63,2520.28,2572.14,146454185
2013-01-27,2570.44,2584.11,2533.01,2542.32,154449070
2013-02-03,2534.4,2539.89,2480.56,2499.19,210770910
2013-02-10,2511.9,2520.16,2454.2,2495.42,228896418
2013-02-17,2501.76,2513.11,2443.72,2467.63,339563912
2013-02-24,2475.15,2493.83,2407.65,2437.24,200534250
2013-03-03,2440.83,2466.39,2420.82,2452.86,174646907
2013-03-10,2440.98,2505.66,2432.2,2490.7,189430392
2013-03-17,2491.79,2518.12,2467.99,2486.3,175009860
2013-03-24,2458.58,2468.03,2367.71,2370.02,184488773
2013-03-31,2401.48,2401.48,2330.45,2370.07,148439436
2013-04-07,2373.73,2382.59,2318.03,2346.37,124288732
2013-04-14,2364.48,2409.02,2338.26,2397.08,175498956
2013-04-21,2381.83,2394.29,2257.39,2277.71,232650600
2013-04-28,2287.58,2305.34,2251.8,2294.06,642012598
2013-05-05,2304.01,2329.23,2277.86,2305.9,382790355
2013-05-12,2323.45,2376.32,2312.17,2338.16,153814716
2013-05-19,2332.79,2408.86,2331.35,2391.07,150318821
2013-05-26,2399.34,2413.42,2330.01,2384.58,156894479
2013-06-02,2398,2488.85,2397.84,2485.5,178922884
2013-06-09,2455.33,2505.57,2439.05,2488.84,140140247
2013-06-16,2492.19,2512.99,2450.62,2478.43,216131252
2013-06-23,2484.38,2486.16,2215.6,2233.64,338749762
2013-06-30,2239.58,2263.12,2150.82,2245.64,178184393
2013-07-07,2246.74,2296,2230.86,2253.49,99541678
2013-07-14,2259.32,2309.37,2199.28,2302.81,86331562
2013-07-21,2298.88,2320.76,2277.94,2313.31,75207085
2013-07-28,2320.26,2333.88,2289.47,2291.1,73618085
2013-08-04,2293.44,2408.98,2281.5,2401.85,91185738
2013-08-11,2410.42,2431.15,2350.96,2414.28,84084833
2013-08-18,2415.45,2475.83,2403.27,2445.6,74898440
2013-08-25,2447.66,2447.66,2383.15,2417.23,93603698
2013-09-01,2433.1,2442.15,2344.57,2384.22,94371544
2013-09-08,2407.47,2411.51,2166.14,2238.98,172383694
2013-09-15,2259.44,2399.23,2247.26,2375.44,131803186
2013-09-22,2409.96,2421.13,2332.83,2408.16,115830314
2013-09-29,2399.44,2447.95,2379.19,2422.46,139435383
2013-10-06,2402.4,2427.4,2377.32,2394.59,105244843
2013-10-13,2386.07,2500.51,2356.84,2489.64,146635317
2013-10-20,2478.93,2541.69,2454.1,2485.13,114564863
2013-10-27,2495.4,2567.31,2494.25,2537.62,127608951
2013-11-03,2556.69,2588.59,2527.04,2528.97,89312056
2013-11-10,2546.2,2562.88,2491.74,2509.11,83523073
2013-11-17,2516.63,2551.68,2460.86,2547.01,80397511
2013-11-24,2552.71,2622.25,2550.99,2590.48,105484061
2013-12-01,2619.94,2625.83,2558.85,2584.68,95609248
2013-12-08,2578.62,2592.45,2466.76,2479.16,106214960
2013-12-15,2501,2504.41,2411.57,2429.67,99599518
2013-12-22,2425.26,2436.68,2364.12,2408.84,150825103
2013-12-29,2431.43,2431.43,2400.84,2404.35,25902311
2014-01-05,2409.44,2431.86,2395.24,2405.22,32711126
2014-01-12,2384.99,2385.49,2304.1,2327.89,101375216
2014-01-19,2338.79,2418.02,2337.12,2376.28,95047074
2014-01-26,2370.21,2443.84,2347.44,2347.44,113166032
2014-02-02,2326.74,2367.6,2279.64,2355.89,147161062
2014-02-09,2360.19,2423.75,2334.5,2420.94,128578517
2014-02-16,2419.07,2498.11,2405.17,2482.75,125309427
2014-02-23,2487.13,2496.39,2450.51,2487.72,83378485
2014-03-02,2486.16,2526.9,2454.13,2518.53,97697141
2014-03-09,2427.93,2467.11,2389.89,2435.15,156879908
2014-03-16,2420.29,2429.53,2299.01,2341.98,131736096
2014-03-23,2348.91,2403.4,2344.78,2365.96,151257337
2014-03-30,2377.01,2445.94,2351.09,2433.74,92095768
2014-04-06,2447.54,2477.41,2439.48,2471.5,96225467
2014-04-13,2448.8,2485.33,2435.63,2464.12,125772408
2014-04-20,2449.44,2452.17,2395.09,2433.91,63115777
2014-04-27,2431.46,2475.2,2427.58,2429.8,78287913
2014-05-04,2431.39,2457.1,2427.16,2432.06,69135652
2014-05-11,2430.16,2433.34,2371.56,2387.81,89599954
2014-05-18,2389.34,2431.16,2376.64,2392.89,92695096
2014-05-25,2396.05,2482.55,2388.33,2465.52,88137792
2014-06-01,2478.36,2487.77,2429.51,2429.51,91321164
2014-06-08,2438.21,2498.7,2426.05,2498.7,96592541
2014-06-15,2505.2,2505.3,2464.27,2471.82,72359689
2014-06-22,2435.63,2474.16,2425.86,2462.13,95729454
2014-06-29,2464.25,2478.84,2396.91,2399.63,78502393
2014-07-06,2411.65,2416.19,2360.54,2363,99950860
2014-07-13,2365.95,2388.09,2317.21,2372.05,79941042
2014-07-20,2382.61,2404.25,2376.76,2393.95,71426387
2014-07-27,2398.1,2414.92,2377.84,2406.32,79119321
2014-08-03,2408.05,2415.57,2299.68,2341.91,111301622
2014-08-10,2356.94,2382.31,2299.13,2315.65,103444552
2014-08-17,2333.64,2415.76,2329,2415.76,76232359
2014-08-24,2415.31,2459.8,2413.91,2439.03,108243022
2014-08-31,2448.91,2479.74,2406.61,2416.97,87938408
2014-09-07,2426.98,2550.74,2424.54,2541.42,90513536
2014-09-14,2545.58,2559.94,2497.38,2497.38,94885019
2014-09-21,2470.5,2544.37,2469.85,2539.6,103806861
2014-09-28,2525.55,2536.81,2455.57,2484.02,71953855
2014-10-05,2489.39,2510.2,2434.37,2444.06,80477036
2014-10-12,2458.67,2470.12,2390.04,2392.62,93842614
2014-10-19,2393.2,2416.92,2353.01,2401.13,166798342
2014-10-26,2409.26,2446.49,2379.45,2426.2,91851446
2014-11-02,2443.39,2471.86,2423.5,2463.68,91789115
2014-11-09,2462.13,2476.12,2414.14,2417.45,77288202
2014-11-16,2419.73,2421.1,2385.14,2418.4,63033677
2014-11-23,2413.56,2433.45,2392.26,2418.26,79851836
2014-11-30,2423.67,2438.34,2398.94,2416.93,94649395
2014-12-07,2404.3,2460.39,2402.78,2438.42,83277072
2014-12-14,2443.38,2448.37,2360,2360,104591869
2014-12-21,2359.66,2369.83,2248.15,2310.88,287344302
2014-12-28,2312.72,2333.55,2307.99,2323.04,29575580
2015-01-04,2329.12,2332.01,2292.41,2309.39,39739098
2015-01-11,2304.64,2361.48,2264.75,2337.21,77929288
2015-01-18,2336.38,2376.33,2225.93,2252.33,146264987
2015-01-25,2256.97,2334.65,2232.01,2319.59,99695721
2015-02-01,2305.3,2350.44,2292.12,2341,115583571
2015-02-08,2344.22,2356.42,2307.78,2354.47,114530327
2015-02-15,2347.74,2351.08,2321.56,2346.95,103116490
2015-02-22,2350.22,2371.42,2342.45,2348.94,81051062
2015-03-01,2359.47,2369.24,2345.31,2367.1,107110815
2015-03-08,2371.78,2373.03,2307.09,2345.93,116370664
2015-03-15,2341.26,2357.32,2297.37,2303.4,93950291
2015-03-22,2306.79,2411.05,2301.25,2407.7,142600574
2015-03-29,2410.35,2414.78,2372.07,2373.18,91434755
2015-04-05,2383.57,2403.11,2383.56,2400.65,86333101
2015-04-12,2407.5,2451.52,2405.1,2443.62,90429903
2015-04-19,2441.37,2512.67,2424.39,2463.96,109505444
2015-04-26,2468.91,2534,2468.91,2519.2,107783518
2015-05-03,2520.88,2558.58,2508.27,2514.63,101377916
2015-05-10,2519.97,2555.79,2495.31,2546.78,107025375
2015-05-17,2546.05,2550.84,2511.2,2514.84,104157666
2015-05-24,2521.14,2537.53,2501.33,2516.76,80190820
2015-05-31,2501.45,2501.45,2437.81,2437.81,106236702
2015-06-07,2441.39,2449.64,2361.62,2365.58,75524348
2015-06-14,2365.68,2393.72,2338.65,2358.73,98367936
2015-06-21,2353.17,2372.2,2299.35,2299.35,113021184
2015-06-28,2312.13,2369.41,2312.13,2333.82,79113263
2015-07-05,2285.5,2334.15,2246.47,2278.17,85302628
2015-07-12,2263.47,2286.31,2203.06,2270.84,99358297
2015-07-19,2275.22,2303.66,2240.78,2285.03,79062564
2015-07-26,2282.98,2288.47,2170,2187.67,88950205
2015-08-02,2190.8,2236.2,2158.69,2227.51,102204138
2015-08-09,2221.27,2258.62,2188.54,2196.78,89277428
2015-08-16,2203.61,2237.35,2182.62,2198.22,84602134
2015-08-23,2200.35,2206.93,2160.07,2179.73,134828093
2015-08-30,2139.45,2145.12,2014.69,2145.12,163925711
2015-09-06,2142.45,2163.71,2106.99,2146.47,122019266
2015-09-13,2154.74,2194.72,2132.36,2185.46,116941523
2015-09-20,2175.24,2202.05,2148.57,2168.19,123597805
2015-09-27,2166.54,2181.98,2070.21,2091.73,100850737
2015-10-04,2092.84,2097.68,2008.92,2036.32,106309086
2015-10-11,2046.23,2147.11,2046.23,2143.28,149172462
2015-10-18,2147.86,2152.93,2105.46,2121.94,116878395
2015-10-25,2124.66,2134.36,2094.4,2107.43,106492792
2015-11-01,2093.76,2125.08,2042.72,2060.03,114167850
2015-11-08,2061.56,2083.74,2015.31,2019.78,108459086
2015-11-15,2023.65,2036.53,1977.99,1978.87,102606994
2015-11-22,1972.9,2033.94,1960.36,2021.99,111441052
2015-11-29,2018.63,2018.63,1929.84,1936.05,123311294
2015-12-06,1934.54,1944.65,1807.89,1868.24,208104560
2015-12-13,1870.57,1890.72,1755.66,1757.37,193059570
2015-12-20,1759.14,1869.75,1745.97,1858.87,184210121
2015-12-27,1854.45,1887.49,1851,1879.75,57070588
2016-01-03,1874.62,1907.91,1858.61,1859.15,48083366
2016-01-10,1832.4,1832.4,1715.08,1725.14,98899997
2016-01-17,1721.38,1784.09,1698.68,1734.87,134588774
2016-01-24,1712.35,1730.1,1657.43,1727.22,169902292
2016-01-31,1730.44,1780.25,1705.89,1780.25,138618865
2016-02-07,1781.67,1805.25,1726.09,1790.87,124527259
2016-02-14,1790.32,1792.73,1730.66,1765.53,105367662
2016-02-21,1780.23,1878.14,1765.47,1841.06,163033518
2016-02-28,1849.6,1881.08,1814.33,1844.57,109936769
2016-03-06,1836.93,1882.83,1796.24,1873.51,143294228
2016-03-13,1874.03,1917.7,1864.88,1910.87,134964624
2016-03-20,1917.09,1962.89,1891.13,1961.97,192299482
2016-03-27,1951.9,1969.36,1912.07,1936.19,110750711
2016-04-03,1939.41,1999.93,1939.41,1973.24,107101270
2016-04-10,1970.39,1988.78,1892.25,1919.42,108225326
2016-04-17,1919.03,1954.76,1891.76,1939.95,88407295
2016-04-24,1932.52,1973.01,1919.54,1943.03,105833676
2016-05-01,1940.55,1940.55,1875.46,1896.64,92012235
2016-05-08,1898.93,1914.12,1827.42,1852.71,74998491
2016-05-15,1859.84,1861.17,1807.73,1815.38,104206881
2016-05-22,1829.37,1872.99,1789.92,1806.38,118517645
2016-05-29,1805.88,1860.4,1796.31,1839.22,100012834
2016-06-05,1840.91,1853.41,1748.22,1793.43,144321712
2016-06-12,1797.23,1852.85,1777.73,1782.02,110990485
2016-06-19,1770.85,1783.55,1723.35,1754.45,152427683
2016-06-26,1764.76,1853.71,1641.85,1769.67,149458603
2016-07-03,1759.88,1762.69,1730.44,1744.56,189325489
2016-07-10,1728.89,1735.41,1686.81,1705.43,125721693
2016-07-17,1719.81,1768.15,1719.81,1759.41,157353791
2016-07-24,1764.85,1804.13,1763.65,1792.97,98079952
2016-07-31,1798.64,1819.01,1756.72,1759.74,123792725
2016-08-07,1760.37,1828.79,1749.18,1825.45,128438147
2016-08-14,1828.23,1869.53,1823.54,1857.7,88603268
2016-08-21,1856.22,1856.76,1797.51,1800.17,84925008
2016-08-28,1799.87,1811.69,1772.7,1775.9,106403902
2016-09-04,1772.66,1803.95,1753.65,1767.55,118372966
2016-09-11,1770.85,1818.94,1753.12,1754.12,123744215
2016-09-18,1746.6,1747.91,1710.61,1734.26,122032290
2016-09-25,1740.57,1776.22,1740.57,1762.48,152846455
2016-10-02,1756.5,1756.5,1709.51,1709.51,130398373
2016-10-09,1713.16,1769.2,1711.02,1751.72,135211291
2016-10-16,1757.71,1770.34,1719.64,1719.64,110269611
2016-10-23,1717.26,1760.14,1711.86,1752.25,148495457
2016-10-30,1753.46,1817.79,1753.46,1817.79,141775632
2016-11-06,1816.88,1831.49,1756.86,1758.22,118481408
2016-11-13,1773.16,1831.76,1748.46,1796.75,116894594
2016-11-20,1794.23,1805.3,1717.55,1725.74,159031521
2016-11-27,1731.39,1812.8,1731.39,1796.3,144559264
2016-12-04,1794.64,1808.78,1771.13,1783.57,189336185
2016-12-11,1788.93,1924.22,1788.93,1899.76,216749535
2016-12-18,1904.31,1935.51,1875.67,1918.54,191166207
2016-12-25,1915.46,1955.42,1893.02,1933.6,129410518
2017-01-01,1933.1,1957.17,1924.02,1947.92,56474558
2017-01-08,1947.54,2007.15,1937.24,1998.76,87184395
2017-01-15,1999.15,2044.59,1991.08,2015.89,141556451
2017-01-22,2013.32,2033.73,2002.09,2006.01,103647480
2017-01-29,2004.04,2101.66,1985.66,2084.05,149539635
2017-02-05,2082.83,2090.58,2051.06,2076.12,100399826
2017-02-12,2078.45,2159.87,2072.75,2154.79,141813096
2017-02-19,2161.17,2225.04,2157.79,2188.3,224661445
2017-02-26,2193.39,2272.01,2186.28,2212.04,123657202
2017-03-05,2212.87,2269.47,2187.79,2232.98,157631300
2017-03-12,2232.66,2240.03,2167.04,2200.03,133229836
2017-03-19,2200.2,2308.92,2200.2,2296.97,176233617
2017-03-26,2294.85,2301.34,2204.96,2234.82,106791886
2017-04-02,2215.3,2246.31,2175.96,2175.96,105689004
2017-04-09,2188.57,2262.18,2188.57,2248.33,85039749
2017-04-16,2250.93,2255.25,2206.89,2233.63,79970111
2017-04-23,2237.96,2300.71,2231.06,2264.07,108357247
2017-04-30,2283.16,2399.24,2283.16,2376.87,129973971
2017-05-07,2381.68,2422.31,2349.24,2382.17,86025308
2017-05-14,2389.8,2419.08,2358.91,2368.5,130582811
2017-05-21,2378.39,2388.7,2263.06,2328.7,112971289
2017-05-28,2336.02,2363.03,2292.01,2326.28,111777186
2017-06-04,2326.69,2331.27,2267.37,2303.21,119644060
2017-06-11,2301.67,2355.79,2257.98,2330.72,108586228
2017-06-18,2329.9,2329.9,2284.71,2304.5,91800352
2017-06-25,2312.63,2337.06,2280.63,2304.48,115395264
2017-07-02,2313.84,2355.53,2297.08,2299.8,94271174
2017-07-09,2305.25,2323.94,2288.76,2295.82,68280177
2017-07-16,2305.52,2351.05,2290.47,2350.43,114749999
2017-07-23,2353.46,2387.1,2342.42,2343.1,104795742
2017-07-30,2344.63,2363.85,2328.87,2360.42,97706018
2017-08-06,2357.45,2397.4,2353.22,2380.16,107324575
2017-08-13,2380.96,2425.02,2364.3,2371.72,87346293
2017-08-20,2375.77,2401.17,2338.6,2359.87,78156367
2017-08-27,2358.89,2481.63,2350.86,2471.74,99704692
2017-09-03,2474.13,2537.24,2470.06,2527.62,111759295
2017-09-10,2513.38,2550.74,2479.83,2483.58,97096973
2017-09-17,2489.43,2536.08,2489.43,2498.32,118350966
2017-09-24,2503.74,2525.41,2460.28,2480.73,79584203
2017-10-01,2479.08,2485.2,2422.97,2453.46,76047812
2017-10-08,2459.84,2489.93,2439.73,2479.46,98187091
2017-10-15,2483.61,2566.02,2479.67,2528.16,96051840
2017-10-22,2528.44,2546.95,2457.52,2465.51,93190802
2017-10-29,2466.64,2492.93,2441.88,2488.5,105540697
2017-11-05,2490.8,2532.85,2483.21,2494.52,59598588
2017-11-12,2497.52,2566.59,2456.04,2457.62,105713594
2017-11-19,2458.9,2477.1,2409.42,2443.83,101895571
2017-11-26,2438.15,2518.04,2431.37,2479.25,76625755
2017-12-03,2477.97,2506.2,2376.91,2389.92,114127754
2017-12-10,2392.69,2426.9,2370.52,2408.83,118425391
2017-12-17,2410.81,2434.61,2375.2,2416.95,117953517
2017-12-24,2420.28,2478.97,2420.28,2445.65,73338964
2017-12-31,2445.51,2484.41,2445.51,2461.21,45663439
2018-01-07,2463.26,2538.34,2430.69,2529.55,76001640
2018-01-14,2534.53,2555.69,2499.76,2539.29,106909102
2018-01-21,2535.37,2610.63,2523.83,2601.82,93030473
2018-01-28,2600.44,2650.16,2587.26,2600.48,105051851
2018-02-04,2599.2,2607.83,2502.95,2507.24,85483083
2018-02-11,2492.39,2508.7,2375.41,2382.79,130528510
2018-02-18,2402.18,2473.58,2396.54,2406.96,85532353
2018-02-25,2409.93,2427.26,2372.06,2406.11,75717046
2018-03-04,2418.02,2429.68,2298.69,2314.23,123994384
2018-03-11,2303.1,2363.38,2295.87,2354.54,105114313
2018-03-18,2362.62,2380.48,2280.75,2285.08,153018023
2018-03-25,2285.14,2329.54,2230.87,2257.22,115570815
2018-04-01,2260.83,2283.33,2192.91,2210.38,81757336
2018-04-08,2211.17,2268.22,2197.99,2258.8,73486681
2018-04-15,2261.72,2321.97,2248.23,2310.32,119059772
2018-04-22,2311.13,2341.94,2291.08,2298.2,86731979
2018-04-29,2299.31,2315.26,2253.15,2276.41,94300534
2018-05-06,2277.25,2306.05,2227.94,2233.35,45473564
2018-05-13,2242.8,2329.36,2210.68,2329.36,103882770
2018-05-20,2328.58,2333.07,2222.17,2230.32,118692234
2018-05-27,2231.47,2272.61,2196.02,2213.24,124865965
2018-06-03,2214.87,2232.88,2144.73,2190.26,238167543
2018-06-10,2198.46,2287.02,2197.38,2250.06,110601289
2018-06-17,2259.61,2266.29,2203.01,2203.01,121179137
2018-06-24,2203.75,2209.5,2108.1,2162.88,96641025
2018-07-01,2154.93,2177.65,2096.93,2135.47,97856949
2018-07-08,2119.7,2184.32,2097.76,2152.06,65989695
2018-07-15,2162.62,2194.86,2141.14,2157.14,70524167
2018-07-22,2155.15,2182.92,2127.36,2182.92,86203889
2018-07-29,2189.2,2309.86,2184.77,2290.77,89969910
2018-08-05,2289.23,2327.77,2277.56,2286.92,83036805
2018-08-12,2290.1,2331.79,2247.15,2247.15,79556755
2018-08-19,2243.43,2285.87,2217.74,2217.74,64052901
2018-08-26,2225.55,2331.93,2225.55,2312.7,94715021
2018-09-02,2318.85,2395.77,2318.85,2337.96,111919112
2018-09-09,2340.08,2377.02,2253.47,2257.3,117697249
2018-09-16,2258.76,2274.96,2210.16,2232.07,125728910
2018-09-23,2230.43,2286.76,2209.37,2257.47,244169628
2018-09-30,2261.65,2315.07,2258.47,2285.11,111170364
2018-10-07,2290.8,2320.98,2256.83,2264.2,105639591
2018-10-14,2259.71,2259.71,2144,2186.62,108577792
2018-10-21,2192.17,2234.08,2164.36,2196.99,96617653
2018-10-28,2203.23,2211.52,2082.77,2082.77,93954694
2018-11-04,2089.53,2208.49,2089.4,2197.68,81817717
2018-11-11,2196.65,2294.15,2188.99,2232.25,95276983
2018-11-18,2230.91,2254.49,2137.46,2165.46,118906297
2018-11-25,2173.2,2241.04,2150.91,2225.39,116705395
2018-12-02,2229.64,2303.37,2202.37,2291.08,116269530
2018-12-09,2310.75,2355.29,2273.31,2281.54,158117075
2018-12-16,2274.51,2314.12,2221.37,2303.41,141249930
2018-12-23,2296.79,2344.11,2226.52,2259.77,179025189
2018-12-30,2279.04,2288.31,2248.23,2276.63,32919683
2019-01-06,2275.35,2303.24,2243.05,2284.95,53514951
2019-01-13,2292.76,2364.28,2292.76,2335.1,136566816
2019-01-20,2326.24,2380.73,2310.84,2377.87,110616735
2019-01-27,2379.21,2420.94,2344.35,2398.74,117486769
2019-02-03,2399.77,2400.76,2348.33,2393.43,113882590
2019-02-10,2392.16,2420.4,2354.11,2354.11,86375718
2019-02-17,2359.1,2380.53,2314,2338.2,95628104
2019-02-24,2340.2,2375.39,2313.83,2355.77,99705932
2019-03-03,2358.78,2376.05,2330.85,2333.11,90685320
2019-03-10,2341.55,2349.08,2286.94,2298.97,92804497
2019-03-17,2303.15,2360.92,2297.59,2346.25,151176976
2019-03-24,2351.02,2365.96,2319.1,2319.1,85132515
2019-03-31,2314.98,2331.21,2304.66,2312.09,81048912
2019-04-07,2325.38,2413.5,2325.38,2351.08,96655293
2019-04-14,2356.5,2396.5,2349.48,2366.71,87602891
2019-04-21,2364.12,2396.84,2351.38,2365.36,92365879
2019-04-28,2367.82,2377.73,2347.21,2372.25,62830544
2019-05-05,2377.34,2378.36,2317.5,2319.08,52853177
2019-05-12,2301.78,2303.7,2177.76,2191.91,108485012
2019-05-19,2194.7,2199.9,2152.99,2184.35,115565094
2019-05-26,2186.97,2225.3,2159.78,2188.2,104666821
2019-06-02,2191.26,2239.31,2162.4,2239.31,140582020
2019-06-09,2239.12,2287.39,2219.94,2280.6,128373643
2019-06-16,2290.4,2310.66,2263.68,2286.46,123042052
2019-06-23,2286.57,2343.66,2269.87,2308.32,140002883
2019-06-30,2315.79,2347.62,2296.97,2327.67,142360949
2019-07-07,2338.98,2363.21,2310.49,2342.01,100465095
2019-07-14,2337.67,2349.35,2303.2,2315.36,126061681
2019-07-21,2318.56,2348.86,2291.66,2344.03,140252487
2019-07-28,2345.61,2350.82,2299.39,2305.79,100422426
2019-08-04,2307.08,2309.53,2216.51,2216.51,115566806
2019-08-11,2211.89,2211.89,2119.89,2127.61,131971653
2019-08-18,2134.55,2153.16,2055.7,2064.12,96293591
2019-08-25,2078.8,2129.57,2078.8,2103.68,97935543
2019-09-01,2092.33,2136.79,2044.86,2135.25,127873579
2019-09-08,2138.35,2147.13,2088.88,2122.6,101055108
2019-09-15,2124.96,2210.7,2124.96,2200.95,113051815
2019-09-22,2198.63,2217.84,2164.13,2171.75,143070901
2019-09-29,2167.32,2190.53,2139.34,2186.31,91309879
2019-10-06,2188.31,2188.77,2076.45,2121.16,96050091
2019-10-13,2126.9,2160.85,2110.11,2159.91,84109951
2019-10-20,2162.23,2181.94,2143.33,2164.75,95856930
2019-10-27,2164.82,2216.33,2160.39,2175.27,88529370
2019-11-03,2175.3,2236.95,2175.3,2194.1,87634297
2019-11-10,2208.61,2279.64,2208.61,2255.46,129336731
2019-11-17,2259.75,2266.23,2223.56,2233.87,96476070
2019-11-24,2239.37,2244.64,2164.04,2188.24,98573386
2019-12-01,2191.79,2204.09,2154.94,2158.94,121534701
2019-12-08,2163.48,2168.85,2055.68,2073.11,136175642
2019-12-15,2073.42,2123.34,2034.48,2106.51,116090123
2019-12-22,2107.39,2139.47,2104.16,2128.04,164252336
2019-12-29,2128.71,2167.47,2124.87,2151.74,27170607
2020-01-05,2151.48,2200.57,2147.58,2173.97,53038415
2020-01-12,2171.72,2176.8,2114.24,2167.91,76680468
2020-01-19,2170.86,2194.88,2147.94,2175.95,114740895
2020-01-26,2178.31,2183.84,2141.62,2154.28,102191421
2020-02-02,2141.68,2141.68,2052.68,2065.9,125545429
2020-02-09,2062.33,2138.87,2050.91,2110.2,121948296
2020-02-16,2108.67,2132.78,2087.72,2115.29,98873992
2020-02-23,2125.14,2131.6,2084.55,2088.53,86581469
2020-03-01,2070.66,2070.66,1735.37,1768.91,194454983
2020-03-08,1807.25,1906.87,1749.7,1764.81,167345130
2020-03-15,1685.28,1697.38,1305.73,1365.97,256098479
2020-03-22,1342.4,1547.74,1248.77,1488.42,385532275
2020-03-29,1461.22,1505.79,1400.71,1475.9,198776120
2020-04-05,1482.1,1523.49,1443.16,1506.48,222516445
2020-04-12,1534.81,1655.29,1534.81,1615.72,216625015
2020-04-19,1631.5,1673.58,1589.83,1625.59,182187570
2020-04-26,1629.69,1643.87,1554.34,1601.91,151656021
2020-05-03,1614.29,1682.13,1579.94,1648.68,153840043
2020-05-10,1630.24,1630.24,1559.06,1606.5,117962813
2020-05-17,1614.21,1634.77,1559.52,1572.55,116665013
2020-05-24,1585.92,1662.2,1585.92,1630.44,120090212
2020-05-31,1639.26,1763.02,1634.34,1722.65,266340064
2020-06-07,1733.13,1847.95,1722.5,1842.47,254891456
2020-06-14,1842.22,1856.66,1754.16,1788.83,300871857
2020-06-21,1767.35,1812.65,1735.27,1807.85,373800038
2020-06-28,1805.25,1847.33,1759.21,1759.43,188381625
2020-07-05,1758.46,1812.22,1739.93,1800.96,148570812
2020-07-12,1820.81,1833.77,1772.5,1797.27,104033249
2020-07-19,1806.55,1814.47,1763.64,1796.04,143810711
2020-07-26,1795.09,1884.22,1789.04,1810.33,177042932
2020-08-02,1811.4,1841.46,1762.74,1767.54,163669218
2020-08-09,1769.31,1844.2,1768.56,1817.23,106334516
2020-08-16,1822.48,1881.46,1812.95,1856.56,83109310
2020-08-23,1856.46,1865.94,1811.88,1820.6,72735814
2020-08-30,1830.14,1858.14,1815.16,1829.79,69371002
2020-09-06,1832.66,1839.06,1743.89,1758.11,142234183
2020-09-13,1765.37,1783.39,1720.07,1772.89,106083766
2020-09-20,1783.55,1787.9,1714.95,1731.76,160521496
2020-09-27,1724.89,1753.5,1657.57,1674.14,177977257
2020-10-04,1686.57,1738.44,1675.2,1697.39,125621660
2020-10-11,1710.14,1749.28,1679.01,1698.91,120023884
2020-10-18,1701.76,1707.3,1625.1,1655.36,154093003
2020-10-25,1663.75,1681.74,1627.13,1645.32,156553451
2020-11-01,1635.49,1653.11,1496.76,1515.97,167109955
2020-11-08,1526.2,1702.98,1526.2,1697.49,169629034
2020-11-15,1707.52,1794.79,1697.78,1749.41,193053017
2020-11-22,1764.1,1821.3,1764.1,1820.85,165637940
2020-11-29,1835.53,1873.96,1823.32,1852.69,119121598
2020-12-06,1845.96,1952.28,1817.83,1947.68,182912763
2020-12-13,1949.61,2023.91,1926.87,1950.85,202560745
2020-12-20,1956.48,2014.44,1916.03,1952.54,200927442
2020-12-27,1929.14,1958.16,1851.23,1955.84,78334945
2021-01-03,1969.45,2033.03,1969.45,1983.98,67420606
2021-01-10,1994.28,2095.67,1991.46,2072.74,140038367
2021-01-17,2067.33,2100.33,1969.41,1985.68,150997981
2021-01-24,1985.59,2047.11,1934.61,1952.67,138643343
2021-01-31,1961.37,1998.12,1885.24,1948.01,166803068
2021-02-07,1960.96,1981.43,1924.95,1957.73,112500312
2021-02-14,1970.16,1975.67,1910.15,1937.07,93804769
2021-02-21,1946.97,2022.16,1946.97,1985.31,141258440
2021-02-28,1978.7,1978.7,1888.55,1907.28,169900372
2021-03-07,1925.94,1989.78,1914.5,1939.59,145227128
2021-03-14,1950.85,2020.76,1944.49,2006.11,139086145
2021-03-21,2012.38,2029.17,1912.98,1927.56,210533359
2021-03-28,1921.5,1949.37,1868.06,1918.71,141401206
2021-04-04,1922.29,1969.48,1922.29,1954.38,105191359
2021-04-11,1965.18,2012.87,1964.05,1975.11,122593949
